DIR	1bQemryjMaH224QtZdTu_qGRiv3_ON7C5	application/vnd.google-apps.folder	Cabang MO/Cabang Bekasi
DIR	1909ZJgjPVOHAA73kvW_yI2TWnWsif_l3	application/vnd.google-apps.folder	Cabang MO/Cabang Bekasi/Edited
FILE	1l88u-fxhmBDgX4pz_rAk1uJMw0ihOugK	image/jpeg	Cabang MO/Cabang Bekasi/Edited/MNR09845.jpg
FILE	1s8LyE9gkqJD2_DIXXjhbVV6a5d81s7U7	image/jpeg	Cabang MO/Cabang Bekasi/Edited/MNR09846.jpg
FILE	1vfOGbyLmfcMgyQcoRNmKPjtwjCbJ_0C6	image/jpeg	Cabang MO/Cabang Bekasi/Edited/MNR09847.jpg
FILE	1isHDWlhVLk8cfeYacqlVBgzHs3t-Q81w	image/jpeg	Cabang MO/Cabang Bekasi/Edited/MNR09848.jpg
FILE	131XexTcykRv7CqNueJn26hrPpAt8bsir	image/jpeg	Cabang MO/Cabang Bekasi/Edited/MNR09850.jpg
FILE	1Q2B5po365S-UWASy6OwjkrFILtiBc8uZ	image/jpeg	Cabang MO/Cabang Bekasi/Edited/MNR09851.jpg
FILE	1inLVX-X6NCuywOxv--u2WosXGa3JTGv8	image/jpeg	Cabang MO/Cabang Bekasi/Edited/MNR09852.jpg
FILE	1hN-lBuaUlEzcqwr3KCRIf00BPhP5eToV	image/jpeg	Cabang MO/Cabang Bekasi/Edited/MNR09854.jpg
FILE	1rht7ZD13tUrxNauEf0rr9y0XoPVjb4jU	image/jpeg	Cabang MO/Cabang Bekasi/Edited/MNR09856.jpg
FILE	1HSuME42nIIc4kA1fjjVpbbL4LGQyC3S7	image/jpeg	Cabang MO/Cabang Bekasi/Edited/MNR09858.jpg
FILE	1nDgkYTZYUHWQplcxvFKUwE0ObaNhw0QX	image/jpeg	Cabang MO/Cabang Bekasi/Edited/MNR09859.jpg
FILE	1MN1da5VQVgxrzCRYtrCLiCMd-ZtMLKta	image/jpeg	Cabang MO/Cabang Bekasi/Edited/MNR09860.jpg
FILE	1ONF8roMhY3qAADI7GxQVwY9AB0MK5-b1	image/jpeg	Cabang MO/Cabang Bekasi/Edited/MNR09861.jpg
FILE	1hLmfVwuPkqJJh8vYcqVAnUVA2E0fQGXB	image/jpeg	Cabang MO/Cabang Bekasi/Edited/MNR09862.jpg
FILE	1o5QWMM-woRWxTV1qo0RPvpWkPUSRSPa2	image/jpeg	Cabang MO/Cabang Bekasi/Edited/MNR09863.jpg
FILE	1mjJW5KU5IC2y0LiclWY2vG0KmSR7X8I3	image/jpeg	Cabang MO/Cabang Bekasi/Edited/MNR09864.jpg
FILE	1aNcOJxxBuA1TOcJXCRemgE0Gki6PsggE	image/jpeg	Cabang MO/Cabang Bekasi/Edited/MNR09866.jpg
FILE	1qXftv7QfI-BPwbJEv0Lt4nOAtLX_yQeC	image/jpeg	Cabang MO/Cabang Bekasi/Edited/MNR09867.jpg
FILE	1GfWSOU0FYLuWQxKXmN8FLpbK-oW-A_dE	image/jpeg	Cabang MO/Cabang Bekasi/Edited/MNR09868.jpg
FILE	1zPElcLzoJ7TCOIxauFyVS3Nnj_RTIJQO	image/jpeg	Cabang MO/Cabang Bekasi/Edited/MNR09869.jpg
FILE	1uTNVcwtKgbIsKw8aph7iALDoXbLk8Ile	image/jpeg	Cabang MO/Cabang Bekasi/Edited/MNR09871.jpg
FILE	1K56q9sC5WxQQHfSVBxFfhkC5mTgfyx80	image/jpeg	Cabang MO/Cabang Bekasi/Edited/MNR09872.jpg
FILE	1eC70l_ZjzzYpr_3KBU__p6liTgrdE8Mq	image/jpeg	Cabang MO/Cabang Bekasi/Edited/MNR09873.jpg
FILE	16sJH0m-Ap84n65rTNd278SHSiBjGUgBh	image/jpeg	Cabang MO/Cabang Bekasi/Edited/MNR09874.jpg
FILE	1rU-eC5JP9Ennl1Dpdc_Eja2i55gJEBIo	image/jpeg	Cabang MO/Cabang Bekasi/Edited/MNR09875.jpg
FILE	1UWT4Ng36hjAsaQrad4PN9ONzwMlCVJUD	image/jpeg	Cabang MO/Cabang Bekasi/Edited/MNR09876.jpg
FILE	1B82YqM7Aj5mvIlHWKJM8K9kMji9BKxom	image/jpeg	Cabang MO/Cabang Bekasi/Edited/MNR09877.jpg
FILE	16fKagKljT0qnHO4vm11TT0ELUL-HKp4O	image/jpeg	Cabang MO/Cabang Bekasi/Edited/MNR09878.jpg
FILE	1_yQ5Gqu_rBX8gsA9WHLJW8iQmtM53zv0	image/jpeg	Cabang MO/Cabang Bekasi/Edited/MNR09879.jpg
FILE	1_2Qdl9AKbOpCAxwPJA6WzQ9Kpm6BPOwJ	image/jpeg	Cabang MO/Cabang Bekasi/Edited/MNR09880.jpg
FILE	11krd-feCEwuezmPA0OZoxDGOL9MPDnjH	image/jpeg	Cabang MO/Cabang Bekasi/Edited/MNR09881.jpg
FILE	1-BPrlZAMu1MOZB2RMxz-bvFrd7-RkFFw	image/jpeg	Cabang MO/Cabang Bekasi/Edited/MNR09882.jpg
FILE	1Xgk31gdhvSePZc6vKYYTDAwzIqEKR1xR	image/jpeg	Cabang MO/Cabang Bekasi/Edited/MNR09883.jpg
FILE	1OJ7J2aUOA2LHctWYzNY3DfC3iAVm9vlv	image/jpeg	Cabang MO/Cabang Bekasi/Edited/MNR09884.jpg
FILE	163k446mKM_N4JX_cKvVdHwV_1I0SCUYZ	image/jpeg	Cabang MO/Cabang Bekasi/Edited/MNR09885.jpg
FILE	1VJvlYR9_addDANDYjLP3newm9c-dvLjI	image/jpeg	Cabang MO/Cabang Bekasi/Edited/MNR09886.jpg
FILE	12Vt_NJubA29T0dh569z8cCPS6PXKC42x	image/jpeg	Cabang MO/Cabang Bekasi/Edited/MNR09887.jpg
FILE	1Z5POVw0T5LbXjuNFOO1TA6K0DYM9rMJp	image/jpeg	Cabang MO/Cabang Bekasi/Edited/MNR09888.jpg
FILE	13izV8lYNi8AgZ6KfmthxbIMEXcvIHeVn	image/jpeg	Cabang MO/Cabang Bekasi/Edited/MNR09889.jpg
FILE	1EsAZ9nqLXaXdkt7QXBIhAg7aWOpl79yt	image/jpeg	Cabang MO/Cabang Bekasi/Edited/MNR09890.jpg
FILE	1wh0Kh7-pFeqaZ5u5bzyDA4f83Ss36lnA	image/jpeg	Cabang MO/Cabang Bekasi/Edited/MNR09891.jpg
FILE	1KGWggRjjSzvKKHRuGt20LiaZlvZMo_7Y	image/jpeg	Cabang MO/Cabang Bekasi/Edited/MNR09892.jpg
FILE	1r1ScLOomN_8gkpcgh7WMHkgXHEwuSW4U	image/jpeg	Cabang MO/Cabang Bekasi/Edited/MNR09893.jpg
FILE	1arAkhbjRKr4a85R7kLtPOS4OUhgnGBvc	image/jpeg	Cabang MO/Cabang Bekasi/Edited/MNR09894.jpg
FILE	14Oge8-_IQ6zxgLBqd_bPlZaCqaxtFTmS	image/jpeg	Cabang MO/Cabang Bekasi/Edited/MNR09895.jpg
FILE	1VVPVZhDI5IySOjql7YOxCtezFZwkB5kU	image/jpeg	Cabang MO/Cabang Bekasi/Edited/MNR09896.jpg
FILE	103FRg7NDGOxx8CnaG8iRvKy26IZKN5OW	image/jpeg	Cabang MO/Cabang Bekasi/Edited/MNR09897.jpg
FILE	1J-__FVUUU6BFo-dSuHp_JTMF2rOFIjCk	image/jpeg	Cabang MO/Cabang Bekasi/Edited/MNR09898.jpg
FILE	1-NXenBwYOD4oUqRr0TDUPwOejKsqQHyv	image/jpeg	Cabang MO/Cabang Bekasi/Edited/MNR09899.jpg
FILE	1PZQdK4qZp1FrPeP3PgPyqKpLtMFTqdjg	image/jpeg	Cabang MO/Cabang Bekasi/Edited/MNR09900.jpg
DIR	1uBaeB4-L3PM7q-CKXVS_EC5TNFjTpy9t	application/vnd.google-apps.folder	Cabang MO/Cabang Bekasi/foto
FILE	12Jlkpu88z03W_UPJBTsEVdiZihdWvgkY	image/jpeg	Cabang MO/Cabang Bekasi/foto/MNR09844.JPG
FILE	1MTW1Shl9LO9spvtAZbE92QixbEV1kKwV	image/jpeg	Cabang MO/Cabang Bekasi/foto/MNR09845.JPG
FILE	1t8R7tGnqTMGbFPTnzDSWD0d9LxtDrAtg	image/jpeg	Cabang MO/Cabang Bekasi/foto/MNR09846.JPG
FILE	1n4J9S5dR5CwaazO0wnTMwYg4xSnnr3m6	image/jpeg	Cabang MO/Cabang Bekasi/foto/MNR09847.JPG
FILE	1j-A39bNMSj65XDIxi6BIcfVuARKEDzPs	image/jpeg	Cabang MO/Cabang Bekasi/foto/MNR09848.JPG
FILE	1NOttfaYrItdLVKHRjjgZhdyEVigH3Riu	image/jpeg	Cabang MO/Cabang Bekasi/foto/MNR09849.JPG
FILE	1FwQzI1iQvaWy7CsHAN6gl1eKyVXeFqLS	image/jpeg	Cabang MO/Cabang Bekasi/foto/MNR09850.JPG
FILE	1orK00wCDjT1WPZZjqrucGMYoRFpI6IsY	image/jpeg	Cabang MO/Cabang Bekasi/foto/MNR09851.JPG
FILE	1fjRPOQxPLcl0Y_GQB3flBghfr3pN_3oE	image/jpeg	Cabang MO/Cabang Bekasi/foto/MNR09852.JPG
FILE	1x07F5ckhRBLL3huAo45EU5KEP0KdFiIN	image/jpeg	Cabang MO/Cabang Bekasi/foto/MNR09853.JPG
FILE	1ogIY7bxcfNvU27aFCGNKPxuvp__wwYBF	image/jpeg	Cabang MO/Cabang Bekasi/foto/MNR09854.JPG
FILE	1nHPgUl8vuvmihX-iZiQP5CyP3_YGfxu2	image/jpeg	Cabang MO/Cabang Bekasi/foto/MNR09855.JPG
FILE	19ZQCLEeVDETtzC9gZ0ShgFrVDlxhgT9r	image/jpeg	Cabang MO/Cabang Bekasi/foto/MNR09856.JPG
FILE	1kkfCSeBbkIGdk4BqS_liJtAobEm8BT3M	image/jpeg	Cabang MO/Cabang Bekasi/foto/MNR09857.JPG
FILE	1EbGh7U2wJZto62stTSbSEWuyyLPtNSOi	image/jpeg	Cabang MO/Cabang Bekasi/foto/MNR09858.JPG
FILE	1TviSvEdtgXpL28d738J8DRDVZHHfCf-W	image/jpeg	Cabang MO/Cabang Bekasi/foto/MNR09859.JPG
FILE	15DCKq1_8VDSlYrMjT0RjCbiygX1xWRkp	image/jpeg	Cabang MO/Cabang Bekasi/foto/MNR09860.JPG
FILE	1YxSJ7vxh0oKINXvznJZyZYpgHMgADj5s	image/jpeg	Cabang MO/Cabang Bekasi/foto/MNR09861.JPG
FILE	1DuAj_v0W2F4YHJZZNkK92CqCty9JCEor	image/jpeg	Cabang MO/Cabang Bekasi/foto/MNR09862.JPG
FILE	1tR0zLxcA2weW_nuIbFEoX1aLgzUA0OXf	image/jpeg	Cabang MO/Cabang Bekasi/foto/MNR09863.JPG
FILE	1gm1kyk5_s-rt3XDa53d85bwARyaegP8Q	image/jpeg	Cabang MO/Cabang Bekasi/foto/MNR09864.JPG
FILE	1So_K0OQSkkWFsMsJYMllLA7Jv-OA5QPT	image/jpeg	Cabang MO/Cabang Bekasi/foto/MNR09865.JPG
FILE	12QUcFa42ram_3DBxyVpR_P8EE_QJxnrE	image/jpeg	Cabang MO/Cabang Bekasi/foto/MNR09866.JPG
FILE	1TAvNZBgxxbPG4knWw0j8dSXpjCp0ElIk	image/jpeg	Cabang MO/Cabang Bekasi/foto/MNR09867.JPG
FILE	1AOuYRwt-tgsF5skTQEd7t2q9_AEkxPt0	image/jpeg	Cabang MO/Cabang Bekasi/foto/MNR09868.JPG
FILE	1AvCOZPWZmMaDE4fi1b6ePR2cVQuUTv-I	image/jpeg	Cabang MO/Cabang Bekasi/foto/MNR09869.JPG
FILE	1_pSLKFqzcFAn-GbaGwvd44hcxqcdx-QY	image/jpeg	Cabang MO/Cabang Bekasi/foto/MNR09871.JPG
FILE	18A41VuNC9oXAIoDDMqveWFZVaJpAQKW-	image/jpeg	Cabang MO/Cabang Bekasi/foto/MNR09872.JPG
FILE	1n4-WISA8SfE8APZhkR1xbgUNvBAJB-xf	image/jpeg	Cabang MO/Cabang Bekasi/foto/MNR09873.JPG
FILE	1zRHJF3aPzE9OIw5pk5tLQ-ynXbg2r3Xy	image/jpeg	Cabang MO/Cabang Bekasi/foto/MNR09874.JPG
FILE	1OccD3lvLzhUqanHMpiLSTqdybAASQMQv	image/jpeg	Cabang MO/Cabang Bekasi/foto/MNR09875.JPG
FILE	1MjfrYUjLU-6Un6YrwoYcEAFdPB0plGTi	image/jpeg	Cabang MO/Cabang Bekasi/foto/MNR09876.JPG
FILE	1mo94p7rQTlOiztO1WIWKDAV3Q_7jE8C8	image/jpeg	Cabang MO/Cabang Bekasi/foto/MNR09877.JPG
FILE	1LdCdcnwz5b9ySEVONxlwDFcDgREbx6iU	image/jpeg	Cabang MO/Cabang Bekasi/foto/MNR09878.JPG
FILE	1dhA9ttSPOR1MQ17d_EdLPy7rrqImdX1Z	image/jpeg	Cabang MO/Cabang Bekasi/foto/MNR09879.JPG
FILE	1erLj89cyweZfTk8ssUT1uFBFOPFmkShA	image/jpeg	Cabang MO/Cabang Bekasi/foto/MNR09880.JPG
FILE	1KUS-yPeUyt_NUoKSRKl30IRHKhh21cGg	image/jpeg	Cabang MO/Cabang Bekasi/foto/MNR09881.JPG
FILE	1-FObagYkVApklsHItxrNGL21RMeytgdg	image/jpeg	Cabang MO/Cabang Bekasi/foto/MNR09882.JPG
FILE	1XvDGq1scdOOo9iAhXS56oxJGr21eCn-J	image/jpeg	Cabang MO/Cabang Bekasi/foto/MNR09883.JPG
FILE	1Ibs1VSvTbPRDyzXnKgFAiMINTnMWugpG	image/jpeg	Cabang MO/Cabang Bekasi/foto/MNR09884.JPG
FILE	17kZLRcaz9rt33WfcaKwoq5klC2JiHidC	image/jpeg	Cabang MO/Cabang Bekasi/foto/MNR09885.JPG
FILE	10-ExndPRrf7efnqPoa5jYFe3DwDNqeER	image/jpeg	Cabang MO/Cabang Bekasi/foto/MNR09886.JPG
FILE	18m-iEbuhaVlB7Je6ild9GX8T32Ne24FU	image/jpeg	Cabang MO/Cabang Bekasi/foto/MNR09887.JPG
FILE	1e5DJF5XM-1_h5EZw7gEDrNrXTHP_l_Yx	image/jpeg	Cabang MO/Cabang Bekasi/foto/MNR09888.JPG
FILE	1y9eaJW_mJxJr9ekCoDyUDKIdqGGUNqaM	image/jpeg	Cabang MO/Cabang Bekasi/foto/MNR09889.JPG
FILE	1lUVyex_HNhSxfGvGlUtZBJ64Fj_ROTgE	image/jpeg	Cabang MO/Cabang Bekasi/foto/MNR09890.JPG
FILE	1lR5a86gD0UW4tjDprgW6lRiscvetKcXN	image/jpeg	Cabang MO/Cabang Bekasi/foto/MNR09891.JPG
FILE	1l6nKHhXi_2S9FZYqOgyB9ra85znfRz1n	image/jpeg	Cabang MO/Cabang Bekasi/foto/MNR09892.JPG
FILE	1qKkCNVWjtMV4DteaDHVA9b1-thPKQvOr	image/jpeg	Cabang MO/Cabang Bekasi/foto/MNR09893.JPG
FILE	1Yl3bzdAN82GSL-8erNIfgDuIzKyTNGA9	image/jpeg	Cabang MO/Cabang Bekasi/foto/MNR09894.JPG
DIR	1tf0aXDZa7nwRjnPk3RieOmL-ba5TTWuS	application/vnd.google-apps.folder	Cabang MO/Cabang Bekasi/RAW
FILE	1H_dYG-P9lINe5BJLRwEbGwMlcZgpsqGl	image/arw	Cabang MO/Cabang Bekasi/RAW/MNR09844.ARW
FILE	1f0TF8eXvdKYD0NgRTGTxAAG4l7i2mRPZ	image/arw	Cabang MO/Cabang Bekasi/RAW/MNR09845.ARW
FILE	1WJ9bwHQNjX2KrLsyFWeE62C-FRK5QPwh	image/arw	Cabang MO/Cabang Bekasi/RAW/MNR09846.ARW
FILE	1_bw9WX87Tg34s2EDWj6fDFdW3MRXWoM8	image/arw	Cabang MO/Cabang Bekasi/RAW/MNR09847.ARW
FILE	1GifnRP68wyEdpkyz3g2OISctDCXosQUy	image/arw	Cabang MO/Cabang Bekasi/RAW/MNR09848.ARW
FILE	1likJ0L9NF3jJ-SDbk9hu2oHB7luah__a	image/arw	Cabang MO/Cabang Bekasi/RAW/MNR09849.ARW
FILE	1nNWb6KSTGXloq4ntGPdOZTfmBbwpQO_1	image/arw	Cabang MO/Cabang Bekasi/RAW/MNR09850.ARW
FILE	1aPhYeRAM7ZM4gOx5lsyMBpI89ztOF1Y0	image/arw	Cabang MO/Cabang Bekasi/RAW/MNR09851.ARW
FILE	1BkL7mv_H5_CwinSVOkp0gqTUIQApA-IW	image/arw	Cabang MO/Cabang Bekasi/RAW/MNR09852.ARW
FILE	1GOOSfqX-ySk4yZuj8usjZ42l4fKgKpID	image/arw	Cabang MO/Cabang Bekasi/RAW/MNR09853.ARW
FILE	1FboSogQkFgurt5edkTd_zK20gsNeViW4	image/arw	Cabang MO/Cabang Bekasi/RAW/MNR09854.ARW
FILE	1f5oi1CXgSQjpCX4iOrkOhTIovpKkv3Tu	image/arw	Cabang MO/Cabang Bekasi/RAW/MNR09855.ARW
FILE	1UA3mUbM14L8vUTDmhKC1rrgqEo1BOo4S	image/arw	Cabang MO/Cabang Bekasi/RAW/MNR09856.ARW
FILE	1hiYXBDvrvVSLFB6iJXvhynzpSaq91rXU	image/arw	Cabang MO/Cabang Bekasi/RAW/MNR09857.ARW
FILE	1iAy2DljpBjtI3XDAvUvUfGYJ9nvMJKuD	image/arw	Cabang MO/Cabang Bekasi/RAW/MNR09858.ARW
FILE	1UEaR0WiHBX3Yd9rAjvgrS9TVt5s3nVy-	image/arw	Cabang MO/Cabang Bekasi/RAW/MNR09859.ARW
FILE	1z3JWb9GVK5u4gZpS4l5G8Cmu-4tds05V	image/arw	Cabang MO/Cabang Bekasi/RAW/MNR09860.ARW
FILE	1um8A1Yr2ySqG_eqqDmZMhmDPe-pZFSwy	image/arw	Cabang MO/Cabang Bekasi/RAW/MNR09861.ARW
FILE	1FnCQsB8KBG_FeuKaZj8titzgJrW8o8au	image/arw	Cabang MO/Cabang Bekasi/RAW/MNR09862.ARW
FILE	1KvGsuOviAYTvzpCS_t5xObz1GPx0XKJB	image/arw	Cabang MO/Cabang Bekasi/RAW/MNR09863.ARW
FILE	1Rxa7wkun2_7yoyaK1_qNUtqJvVwbZ2IT	image/arw	Cabang MO/Cabang Bekasi/RAW/MNR09864.ARW
FILE	19oxpWCLov3YeaBf2RybGe36lxh5LhcuR	image/arw	Cabang MO/Cabang Bekasi/RAW/MNR09865.ARW
FILE	1F6qtex6BUeEWaGm7gDbU2FEvX-3EFBs6	image/arw	Cabang MO/Cabang Bekasi/RAW/MNR09866.ARW
FILE	1CA_AFk6XpYLlSSMydnwFURtBa5gPf8Xo	image/arw	Cabang MO/Cabang Bekasi/RAW/MNR09867.ARW
FILE	1LB5U3ETQSzgYFlJ-zGuj4uwoIugM4GQ1	image/arw	Cabang MO/Cabang Bekasi/RAW/MNR09868.ARW
FILE	1ATOQVXj0LNwx0-h1_W4ddLIbvGeVSt_O	image/arw	Cabang MO/Cabang Bekasi/RAW/MNR09869.ARW
FILE	1ldtbXc77vfp_AGtV2b38d1uPpaAt53M9	image/arw	Cabang MO/Cabang Bekasi/RAW/MNR09870.ARW
FILE	1jYdgIpB5VU7P08ck7MuOWCJdO1W6qgwp	image/jpeg	Cabang MO/Cabang Bekasi/RAW/MNR09870.JPG
FILE	1o6HCYRPoVe4N5VOoYwuwYPnKXd2oB6zp	image/arw	Cabang MO/Cabang Bekasi/RAW/MNR09871.ARW
FILE	1QWvsiYzGxMEiF4BnBLGI2xJJC9r_WG8M	image/arw	Cabang MO/Cabang Bekasi/RAW/MNR09872.ARW
FILE	18jgT9REpZGdAztA84rNVqemEbW3Oo36n	image/arw	Cabang MO/Cabang Bekasi/RAW/MNR09873.ARW
FILE	1PBcWGROlvIahUtk6qtwd7kxrlSUX_4TK	image/arw	Cabang MO/Cabang Bekasi/RAW/MNR09874.ARW
FILE	1vRUpm2piLnOohpICqCJJ0Bk29LhZTI98	image/arw	Cabang MO/Cabang Bekasi/RAW/MNR09875.ARW
FILE	1QaefQQyAvhgQUzvLSxFlJd2Qyx1nXg96	image/arw	Cabang MO/Cabang Bekasi/RAW/MNR09876.ARW
FILE	1KLT-yeI4ia3hB1B3fazrspe0R33MbcUr	image/arw	Cabang MO/Cabang Bekasi/RAW/MNR09877.ARW
FILE	1WqU5VpCaN8Fo2YZoYXdlF1hDZ_ZID-rs	image/arw	Cabang MO/Cabang Bekasi/RAW/MNR09878.ARW
FILE	1sl-W08VMNdJlftcoSsnAoCdO4xMeJxIL	image/arw	Cabang MO/Cabang Bekasi/RAW/MNR09879.ARW
FILE	1PL-X4ezRysMAFkcX0WwMNWKv9VoDCfl1	image/arw	Cabang MO/Cabang Bekasi/RAW/MNR09880.ARW
FILE	1EaRSo2815SpIq_NUvbUtnuaQU3NbNtga	image/arw	Cabang MO/Cabang Bekasi/RAW/MNR09881.ARW
FILE	1HBSyXu1cds9fNqiR2dITMKVG2-HKX5Hg	image/arw	Cabang MO/Cabang Bekasi/RAW/MNR09882.ARW
FILE	1c8PvUKCDDXuteWk8kYn6stI81nQYDDlC	image/arw	Cabang MO/Cabang Bekasi/RAW/MNR09883.ARW
FILE	1w2oZS0SDv4uVq6jEOyouNADiFgkymCEe	image/arw	Cabang MO/Cabang Bekasi/RAW/MNR09884.ARW
FILE	1gANmJxFXtrubE-PjwKH1BgxySY7_VZdJ	image/arw	Cabang MO/Cabang Bekasi/RAW/MNR09885.ARW
FILE	16Gdo9egTGFuuBDDKaP0_yj8H2LbhNN3e	image/arw	Cabang MO/Cabang Bekasi/RAW/MNR09886.ARW
FILE	1aXP998r7bxZddH-tNxLfByEhMR9-LGzR	image/arw	Cabang MO/Cabang Bekasi/RAW/MNR09887.ARW
FILE	1orJufZ1PqhZouaxOnLsrW8hpng6B76QH	image/arw	Cabang MO/Cabang Bekasi/RAW/MNR09888.ARW
FILE	1e7NqpDQLM-hg-2b-KwDhKHXC-NeIqn1T	image/arw	Cabang MO/Cabang Bekasi/RAW/MNR09889.ARW
FILE	1AT5VWUKI4Hbc4BTKkAPI77nLrTddz_ou	image/arw	Cabang MO/Cabang Bekasi/RAW/MNR09890.ARW
FILE	1g68c6iGLAy11WU-fQOJLpSkpoqejLb9T	image/arw	Cabang MO/Cabang Bekasi/RAW/MNR09891.ARW
FILE	1KcS5yIELj_LBgDteZ2-cmRYFv7ov6EFf	image/arw	Cabang MO/Cabang Bekasi/RAW/MNR09892.ARW
DIR	1R8zt_tMBIjWHeZbbV2CpPcJr4hwP-XPA	application/vnd.google-apps.folder	Cabang MO/Cabang Bekasi/Video
FILE	1DIHG9CcCij_i3PWO4y0gBPztGjllti19	video/mp4	Cabang MO/Cabang Bekasi/Video/C0001.MP4
FILE	1VM4qtJvclfxh2O5gvSy3cYgOrfBiykrr	video/mp4	Cabang MO/Cabang Bekasi/Video/C0002.MP4
FILE	1dAOH5Ulxk6ba-72FhdeIn-RzEy9AwgVn	video/mp4	Cabang MO/Cabang Bekasi/Video/C0003.MP4
FILE	1W-kplulZ1dQBaIQw3w9kBsHYmm2vjaqz	video/mp4	Cabang MO/Cabang Bekasi/Video/C0004.MP4
FILE	1ZaYpx1d9u9Pmeqi0kQbzKp1iLMEHf3cG	video/mp4	Cabang MO/Cabang Bekasi/Video/C0005.MP4
FILE	1S7jZvrJv6gv4EJL4FM6eMtNwIbEBD8eF	video/mp4	Cabang MO/Cabang Bekasi/Video/C0006.MP4
FILE	1zg1WsozOLSo7DpfMQ7ILiI9VLyxrNFs9	video/mp4	Cabang MO/Cabang Bekasi/Video/C0007.MP4
FILE	19giBkqLEuvTgz_W4BQkC_aO9KgO47-B7	video/mp4	Cabang MO/Cabang Bekasi/Video/C0008.MP4
FILE	1PQ9vr5bzELNxCymV_Y5Yfn9PRqu-LejW	video/mp4	Cabang MO/Cabang Bekasi/Video/C0009.MP4
FILE	1sBem0WNOzf_wXb4QxOpVUhHoYXzygr8w	video/mp4	Cabang MO/Cabang Bekasi/Video/C0010.MP4
FILE	1PSgvJpu9BUotufjdSy0QnEgoIjheDjRl	video/mp4	Cabang MO/Cabang Bekasi/Video/C0011.MP4
FILE	1Ua7fd9OYN6McnkRY7LcqQ2LPdlivdeao	video/mp4	Cabang MO/Cabang Bekasi/Video/C0012.MP4
FILE	1rwI2Rv-Y1c8onjsf31Kw3hJvmgiCG9Jj	video/mp4	Cabang MO/Cabang Bekasi/Video/C0013.MP4
FILE	1DcIkqLFWWTPfDzqwp-wxY7deB6d492Pc	video/mp4	Cabang MO/Cabang Bekasi/Video/C0014.MP4
FILE	1iC4zJIsBuAdZO9k75YL4mUh3FkTOJTPg	video/mp4	Cabang MO/Cabang Bekasi/Video/C0015.MP4
FILE	1kUGYla23pCk1uBhCycKcd_XOml-PQ5QS	video/mp4	Cabang MO/Cabang Bekasi/Video/C0016.MP4
FILE	1D9bO4FnSFi3JKUF5u_w8hNC2n0CevF3S	video/mp4	Cabang MO/Cabang Bekasi/Video/C0017.MP4
FILE	1eEnkaMA7V1UlDl_UW_8ZyIMmojdbXkqh	video/mp4	Cabang MO/Cabang Bekasi/Video/C0018.MP4
FILE	1KS2teJtAG9E41cwDlsfukRBAsKLUk6FC	video/mp4	Cabang MO/Cabang Bekasi/Video/C0019.MP4
FILE	1ADAMkycdMWqTo11ynK9fa33lR2qtnK5P	video/mp4	Cabang MO/Cabang Bekasi/Video/C0020.MP4
FILE	1HeQKcHBeF9SjjLeeJ5YAA0sdo_fSmIyA	video/mp4	Cabang MO/Cabang Bekasi/Video/C0021.MP4
FILE	1VhQQ_CmUZyOx5l_ZXmAtqQR8OeCqNAVN	video/mp4	Cabang MO/Cabang Bekasi/Video/C0022.MP4
FILE	1qGz878bdlB3USs4iD54kItYC8OIXODTz	video/mp4	Cabang MO/Cabang Bekasi/Video/C0023.MP4
FILE	1U1_mpRmRthlGdWnYNacDSXgEsJrPiEXB	video/mp4	Cabang MO/Cabang Bekasi/Video/C0024.MP4
FILE	1fM2HvP4n2f_2wyDlXsUHDoKn9-Bkcga8	video/mp4	Cabang MO/Cabang Bekasi/Video/C0025.MP4
FILE	1S4g1QmkyFWIhbLqqx8p6MfW2nWR1Lv5i	video/mp4	Cabang MO/Cabang Bekasi/Video/C0026.MP4
FILE	1RtJwavDtT43OHfhUci80QsGGxi1gHdvw	video/mp4	Cabang MO/Cabang Bekasi/Video/C0027.MP4
FILE	1x8W2mot8Khpx-KkcKrHCYCvN5_7nHAKj	video/mp4	Cabang MO/Cabang Bekasi/Video/C0028.MP4
FILE	1-_oWNEzVnd3N3PNtIhlnsfGhc2HMMEF0	video/mp4	Cabang MO/Cabang Bekasi/Video/C0029.MP4
FILE	1pF4-MwTb3eNUphp4cMgh-GhEkAqdR5_T	video/mp4	Cabang MO/Cabang Bekasi/Video/C0030.MP4
FILE	15OfxLCbJ7bRWm0WdL6VaQHqrivUjxDl1	video/mp4	Cabang MO/Cabang Bekasi/Video/C0031.MP4
FILE	1EO2oYoAHSCN5VFzIEW-Ekkx1R01JLzu7	video/mp4	Cabang MO/Cabang Bekasi/Video/C0032.MP4
FILE	1yGYA0QenNNODekggl0P9IBHKgXTnNnJf	video/mp4	Cabang MO/Cabang Bekasi/Video/C0033.MP4
FILE	1emef79EAXwz1x1skYWemlMvTo07eNZsn	video/mp4	Cabang MO/Cabang Bekasi/Video/C0034.MP4
FILE	1YivYRAotVu9hZUvzTQjlw3yrwKay2GM7	video/mp4	Cabang MO/Cabang Bekasi/Video/C0035.MP4
FILE	11OLgAmz6OHl0jZJm0302CAOu02In3Wt3	video/mp4	Cabang MO/Cabang Bekasi/Video/C0036.MP4
FILE	1kuU5VyF2eVCD3wTrvwGakFs_cv9OevPV	video/mp4	Cabang MO/Cabang Bekasi/Video/C0037.MP4
FILE	1v4AZrhtUtR0ApZdsi8WzHmhXgnXjG4P_	video/mp4	Cabang MO/Cabang Bekasi/Video/C0038.MP4
FILE	1oycQwASSukO8DzSGtrOc-pDJ_sqNfcJW	video/mp4	Cabang MO/Cabang Bekasi/Video/C0039.MP4
FILE	1hno8WPmqDDEdJEif47LwLHlDn88rZJoY	video/mp4	Cabang MO/Cabang Bekasi/Video/C0040.MP4
FILE	1o9AlBRICrmwBW74MRDQ5qoha9PkVOGAT	video/mp4	Cabang MO/Cabang Bekasi/Video/C0041.MP4
FILE	1dolspzrj-BwhcN3KS0a0b1s_OgDkiaZe	video/mp4	Cabang MO/Cabang Bekasi/Video/C0042.MP4
FILE	1ZzaUVIPifqvTH2jYYFL0GqW0LygEWsyv	video/mp4	Cabang MO/Cabang Bekasi/Video/C0043.MP4
FILE	1cJ-BJ4Y-7XqE0i8b1wL5yj5XYJJhWlq2	video/mp4	Cabang MO/Cabang Bekasi/Video/C0044.MP4
FILE	1NmLgIuDy-jIK4Md5CtQInmssblQbvTNn	video/mp4	Cabang MO/Cabang Bekasi/Video/C0045.MP4
FILE	1Z_8bSlgYqMsKu4Fuajq9meWQODShyQNq	video/mp4	Cabang MO/Cabang Bekasi/Video/C0046.MP4
FILE	1Z7uXfFCbmkFOVRjttcRWldxpFm4tKwZj	video/mp4	Cabang MO/Cabang Bekasi/Video/C0047.MP4
DIR	1qthB-xZl-ruwGsPLZlevix3rjJ97CalA	application/vnd.google-apps.folder	Cabang MO/Cabang Cempaka
DIR	1LTejlw9BzVrzUS0YM48NrynpRNQo1n7-	application/vnd.google-apps.folder	Cabang MO/Cabang Cempaka/FOTO
FILE	1VlfWwoPhtVJmLA4pfCeZsBazN5Z028Q3	image/png	Cabang MO/Cabang Cempaka/FOTO/MO_Cempaka-front office.png
FILE	1fZ4lGxrDmPyv6GM6HPW3mcdtIzKcw9iE	image/png	Cabang MO/Cabang Cempaka/FOTO/MO_Cempaka-front office2.png
FILE	1pfe4_oW0xp-8sq0QdaKKD1VKt0vwniFC	image/png	Cabang MO/Cabang Cempaka/FOTO/MO_Cempaka-private room.png
FILE	18jsNq8ga954mmYazkUaajL3UxvHbQcZz	image/png	Cabang MO/Cabang Cempaka/FOTO/MO_Cempaka-room meeting.png
FILE	1WO08A6e-ahvJjc5vy23eABr7TfUf74nE	image/png	Cabang MO/Cabang Cempaka/FOTO/MO_Cempaka-room meeting2.png
FILE	1abo_-P4KoY73CbkP67nhFBtpPjdCP0KC	image/png	Cabang MO/Cabang Cempaka/FOTO/MO_Cempaka-room office.png
FILE	1TdZJtl3gbceldq0KkgG7VuIyq8sTQfvF	image/png	Cabang MO/Cabang Cempaka/FOTO/MO_Cempaka-room sharing.png
FILE	1Dn-PzxH9qm8JTVjLwymQSHbirzeijIbU	video/mp4	Cabang MO/Cabang Cempaka/C8585.MP4
FILE	1VCq_6FOKj6SDJnO8H-hvrScg54CYS4Et	video/mp4	Cabang MO/Cabang Cempaka/C8588.MP4
FILE	1MYJiAgCAxx5n09BWpnC4Px6nm1rifFLP	video/mp4	Cabang MO/Cabang Cempaka/C8592.MP4
FILE	1h-Zr5C1SFJwvy83ujsW9kJwDFOX14KSp	video/mp4	Cabang MO/Cabang Cempaka/C8593.MP4
FILE	1AaOkSl77pUbz-RadBCC9BUlKZADnNhic	video/mp4	Cabang MO/Cabang Cempaka/C8594.MP4
FILE	1lrpL0Q_oVMD7egv4WjA22WbdOviUbul9	video/mp4	Cabang MO/Cabang Cempaka/C8597.MP4
FILE	1fFJ-wD5MU3yz6Dvsqizp8s8cbrvPwfIi	video/mp4	Cabang MO/Cabang Cempaka/C8598.MP4
FILE	14ADfxQHixxkfUsSaDuTJIuXriQIHUE6q	video/mp4	Cabang MO/Cabang Cempaka/C8599.MP4
FILE	1vUwAzU6Xoz9KDC2NqNSs84DIdPh06AZE	video/mp4	Cabang MO/Cabang Cempaka/C8600.MP4
FILE	1sqq0-T8q_24I8gF8Jtq658fdV0Fo-x6F	video/mp4	Cabang MO/Cabang Cempaka/C8601.MP4
FILE	1Zt8d9GK03Kw-If3DhyqLtrMgLLn09Sw-	video/mp4	Cabang MO/Cabang Cempaka/C8602.MP4
FILE	1lysvwq6Txo0cFdV-nSwlLYk0Ozoix6Gi	video/mp4	Cabang MO/Cabang Cempaka/C8603.MP4
FILE	1-mZl3ybEF7fQc9e2-8xLT36X2PCftOmS	video/mp4	Cabang MO/Cabang Cempaka/C8604.MP4
DIR	1C_Tk7R8jaCuGTj73KWWk9LBY0InhpbPB	application/vnd.google-apps.folder	Cabang MO/Cabang Epiwalk
FILE	1RVSLxPp2cwLHv2VTGNxEdVqudjgApo7M	video/mp4	Cabang MO/Cabang Epiwalk/C0061.MP4
FILE	1gWnbU6qbyFgI5t6fritowe79OaCvDlEJ	video/mp4	Cabang MO/Cabang Epiwalk/C0062.MP4
FILE	1esIEDQf9IZ3z_OosZL2QWpxVhIJXWbZ5	video/quicktime	Cabang MO/Cabang Epiwalk/IMG_4137.MOV
FILE	1-vrQR5PC2GLJdHoeBJie8qy1_UuhLAVH	video/quicktime	Cabang MO/Cabang Epiwalk/IMG_4139.MOV
FILE	1dUH4VNeJ-RKPcVg_utJfMHK0AjkvquUi	video/quicktime	Cabang MO/Cabang Epiwalk/IMG_4140.MOV
FILE	1we84lHTvWXaZo2oYJKpkUbHSBY97gPn2	video/quicktime	Cabang MO/Cabang Epiwalk/IMG_4143.MOV
FILE	1MpgV5tFcgD3LBRcBHf6Zwra2pUL1OMuS	video/quicktime	Cabang MO/Cabang Epiwalk/IMG_4144.MOV
FILE	1jvyWylic2qoYa4RcR0eSq3C8ifbGWdgX	video/quicktime	Cabang MO/Cabang Epiwalk/IMG_4145.MOV
FILE	1QNSSJ_NihNREYGnOg78r2NjBrnn1LohN	video/quicktime	Cabang MO/Cabang Epiwalk/IMG_4146.MOV
FILE	1W-p8tG9Ozb2tqhREGPuYOAWLy3FvKryp	video/quicktime	Cabang MO/Cabang Epiwalk/IMG_4147.MOV
FILE	1J3VBWv90q3Hmvfes5IP35sjT_16nogHR	video/quicktime	Cabang MO/Cabang Epiwalk/IMG_4149.MOV
FILE	13JyrVQueqT41cZMq9V6NCMLjxcEuX90-	video/quicktime	Cabang MO/Cabang Epiwalk/IMG_4150.MOV
FILE	1gGEhLy2GJDps1hxz6L6KzFrSypn-Zds7	video/quicktime	Cabang MO/Cabang Epiwalk/IMG_4151.MOV
FILE	1_iSY_zhKiJhXSYQgAeB16o5q04SUYUqr	video/quicktime	Cabang MO/Cabang Epiwalk/IMG_4152.MOV
FILE	1HaktP_M9I6usXKHSc1D2tY8DSsekOsFS	video/quicktime	Cabang MO/Cabang Epiwalk/IMG_4153.MOV
FILE	1PZUyp_LDMJuZSB0jcR6YBJavai5evQYn	video/quicktime	Cabang MO/Cabang Epiwalk/IMG_4160.MOV
FILE	18Ny79_xAdOUyBvzSyCBEBWGBlQtRfWjA	video/quicktime	Cabang MO/Cabang Epiwalk/IMG_4161.MOV
FILE	1KsyJvAUuTA1VLOaYebcMVt38AqBYtGsA	video/quicktime	Cabang MO/Cabang Epiwalk/IMG_4162.MOV
DIR	1Tkb-LBDIK6-qwz8XqoJ7oqfhRHPzoBNO	application/vnd.google-apps.folder	Cabang MO/Cabang Menara Karya
FILE	1-byKzyJ9U2kethGJ_eR6Sx-S5q5cnsJh	video/quicktime	Cabang MO/Cabang Menara Karya/IMG_2545.MOV
FILE	14A5v6KJJ4pkoAS9WW8dLpjKTm4f4eplr	video/quicktime	Cabang MO/Cabang Menara Karya/IMG_2548.MOV
FILE	1LA08_hEAHdy-0JDMGRsUFBxdX6KfqyrF	video/quicktime	Cabang MO/Cabang Menara Karya/IMG_2551.MOV
FILE	1OHRjNDskyi_SePoL-Tptm85gXP11i0Ah	video/quicktime	Cabang MO/Cabang Menara Karya/IMG_2553.MOV
FILE	1BRsydGwxkfklUDB2L52_vQjtvPhDpVZK	video/quicktime	Cabang MO/Cabang Menara Karya/IMG_2574.MOV
FILE	1Rw_MES8uAC5wPrNtGVCvI4ic47fIjomM	video/quicktime	Cabang MO/Cabang Menara Karya/IMG_2581.MOV
FILE	1fOJnSnw2c83P7f9PtN2nWieR3ETxK6JJ	video/quicktime	Cabang MO/Cabang Menara Karya/IMG_2584.MOV
FILE	1ChuoEGPu0y8AVIAvmHzYIszYPcKt3c83	video/quicktime	Cabang MO/Cabang Menara Karya/IMG_2586.MOV
FILE	1U8teRBx_1c4tm07Ctg4loBWfrsAsorkW	video/quicktime	Cabang MO/Cabang Menara Karya/IMG_2587.MOV
FILE	1pbEAt6HwOEuJEy1CHvBMZr3HdIAE98Pm	video/quicktime	Cabang MO/Cabang Menara Karya/IMG_2590.MOV
FILE	1bmnUhRNfIwi8fADv9wcixKyrSo9V-k-5	video/quicktime	Cabang MO/Cabang Menara Karya/IMG_2608.MOV
FILE	16zGIPDTv4Jh1_tL-4vfqmz-bB0xNJkbk	video/quicktime	Cabang MO/Cabang Menara Karya/Rendered - 1ebbabbd-f8d7-411b-86a8-ddad33002601.mov
FILE	1UMJwtz0BKQHqhBYlxInObhB7Yjr1vjcg	video/quicktime	Cabang MO/Cabang Menara Karya/Rendered - 6b31a6d8-054b-410e-b76e-b5911523097a.mov
FILE	10oN_3Xz-kxhwCx8oy4Fd7vv5tOVNlF2q	video/quicktime	Cabang MO/Cabang Menara Karya/Rendered - 94c19c89-3b93-48a8-b0ab-c2624db0d351.mov
FILE	1xHv4XDFxmn_8pIZedabYtmQzFh-OKr1O	video/quicktime	Cabang MO/Cabang Menara Karya/Rendered - bd6ce4eb-a0ac-4198-9a28-6adfe6f83f73.mov
DIR	1lKnfjcPPHh2wSHDwvXoAL6VgJ0mrrebH	application/vnd.google-apps.folder	Cabang MO/Cabang Pejaten
FILE	1bcuZmOwPd11Vz_xAUIrA9XRFiEzZ8E9a	video/mp2t	Cabang MO/Cabang Pejaten/00000.MTS
FILE	1rKiVFmPrRyn9nFni4UmhJGB1gGH0GPmx	video/mp2t	Cabang MO/Cabang Pejaten/00001.MTS
FILE	1dIo252F7H1I0NM9xuYzn7_4gKJI9qu1g	video/mp2t	Cabang MO/Cabang Pejaten/00002.MTS
FILE	10w23CJugEbFGh0dTKdXlBZdetfgIm7Ur	video/mp2t	Cabang MO/Cabang Pejaten/00003.MTS
FILE	1pZzKU1PIptcq3ywXlQ3T1f1nWhUE6axw	video/mp2t	Cabang MO/Cabang Pejaten/00004.MTS
FILE	1VukmaUQeg_huxuivjipt-REV0gtrbd_5	video/mp2t	Cabang MO/Cabang Pejaten/00005.MTS
FILE	1mMnVqmsEyurHgt9Ctlydu-xC3einQ0rv	video/mp2t	Cabang MO/Cabang Pejaten/00006.MTS
FILE	1XgXz-gLInNYIvUPyxt6CwgPWMQHWTnP3	video/mp2t	Cabang MO/Cabang Pejaten/00007.MTS
FILE	1K4p7QeZWfHhzJFi4uWC_lzcH9RRmC9_x	video/mp2t	Cabang MO/Cabang Pejaten/00008.MTS
FILE	1GDMx0Dm1UzaJwZg8kJDyxLYtlcvjqrlZ	video/mp2t	Cabang MO/Cabang Pejaten/00009.MTS
FILE	12Zd1jRMU0zS1oRZigurAQ4ShDdr344Z-	video/mp2t	Cabang MO/Cabang Pejaten/00010.MTS
FILE	1IRO8x3DZcgOoaDDA2mx1tja1rYZe_G9v	video/mp2t	Cabang MO/Cabang Pejaten/00011.MTS
FILE	1ySNu5D6i-02lGBQUv5u2AOMzGpG3Ymdo	video/mp2t	Cabang MO/Cabang Pejaten/00012.MTS
FILE	19LgMRgyJzsqsO7Kp-HHoPwE3M4vmQvLm	video/mp2t	Cabang MO/Cabang Pejaten/00013.MTS
FILE	10icD6oMFK-y678_74J6U526Ejf7c08Gj	video/mp2t	Cabang MO/Cabang Pejaten/00014.MTS
FILE	1AxnRsiaCf1xI-mAxK2Q1W0iI5QE06Ot6	video/mp2t	Cabang MO/Cabang Pejaten/00015.MTS
FILE	1FeQC7SNM9d8R3HlSIf4YzhwvA4j_DKzP	video/mp2t	Cabang MO/Cabang Pejaten/00016.MTS
FILE	1IibXcwPL3fG6p06KiS_4E-tWr9Z3SqnM	video/mp2t	Cabang MO/Cabang Pejaten/00017.MTS
FILE	13UGXkRh8Edegyn8tQRbYrgxBYdXwD41b	video/mp2t	Cabang MO/Cabang Pejaten/00018.MTS
FILE	165VFvTYRUPlZ-wtBX-q1uj8DD2jLTzcq	video/mp2t	Cabang MO/Cabang Pejaten/00019.MTS
FILE	1pl6N8_3BHa7SLxpAiQRrd23kQcVDNhnw	video/mp2t	Cabang MO/Cabang Pejaten/00020.MTS
FILE	1yFrstF55LmAfYs2AddbrmFQzXD81TD2s	video/mp2t	Cabang MO/Cabang Pejaten/00021.MTS
FILE	1yhkWlMMRVGcdoGalzQ41izchYXI6ptDi	video/mp2t	Cabang MO/Cabang Pejaten/00022.MTS
FILE	13BBYV3m9ujVP30PfmqdgTHs48OmTKuW-	video/mp2t	Cabang MO/Cabang Pejaten/00023.MTS
FILE	1PH1SGChr58xZg3azpkYYUazkHFN6CJ20	video/mp2t	Cabang MO/Cabang Pejaten/00024.MTS
FILE	1oxfF3kJf5thfVOfyOmd2MFgLiG8hQYnR	video/mp2t	Cabang MO/Cabang Pejaten/00025.MTS
FILE	1UX4FBbVBfxOxO_HyM6wy-IsM9g-peTsB	video/mp2t	Cabang MO/Cabang Pejaten/00026.MTS
FILE	1sm5E1tFNVBspYUnK4BKbSr2kleC1eSAh	video/mp2t	Cabang MO/Cabang Pejaten/00027.MTS
FILE	1RukTs34Ipq8R7sZD-bY2qterTH1OOfRS	video/mp2t	Cabang MO/Cabang Pejaten/00028.MTS
FILE	1qYkSrYCSV1YSAgSlrtg5gqqH_lNkbuEj	video/mp2t	Cabang MO/Cabang Pejaten/00029.MTS
FILE	151FmcerpAEN0QOnDEwL-meZx2Voyqvgn	video/mp2t	Cabang MO/Cabang Pejaten/00030.MTS
FILE	1C1N4vi7Ei_8UmerBg58h9tSpCbpm4sB9	video/mp2t	Cabang MO/Cabang Pejaten/00031.MTS
FILE	1oFmLskhS3YBwM_J9VyqMedLHs_tZZTYU	video/mp2t	Cabang MO/Cabang Pejaten/00032.MTS
FILE	1O5sxLtkuOVwUqpj688Zg7r8jHFqu1Lhp	video/mp2t	Cabang MO/Cabang Pejaten/00033.MTS
FILE	1-Mqs6fst69_MSUfepK1q21wQPGnqdIYm	video/mp2t	Cabang MO/Cabang Pejaten/00034.MTS
FILE	1mkycgJKYHbjcDHcLc_Du7LOdnVbEFYP9	video/mp2t	Cabang MO/Cabang Pejaten/00035.MTS
FILE	1GJUX2uVpnvhApCT-q0JiyypCadJqpjWs	video/mp2t	Cabang MO/Cabang Pejaten/00036.MTS
FILE	1PxdYtk7372LH0RLdpCOK1f9wHaIZluAO	video/mp2t	Cabang MO/Cabang Pejaten/00037.MTS
FILE	1yXFgMEyFIZTutx53xSL7KbV8BPrePZFp	video/mp2t	Cabang MO/Cabang Pejaten/00038.MTS
FILE	1HtbfIOWeLop3fH5mGuPPJJWvOcWvy0n7	video/mp2t	Cabang MO/Cabang Pejaten/00039.MTS
FILE	13HyHHmsDtHS9rmRttlsoVpF5SL--R-gV	video/mp2t	Cabang MO/Cabang Pejaten/00040.MTS
FILE	1INDOcbP3B3T3Y1E-93Eiq7c3K1i-7kGj	video/mp2t	Cabang MO/Cabang Pejaten/00041.MTS
FILE	1AzvGORYpcUrgu2rVFN2drLrpdfKbZYe2	video/mp2t	Cabang MO/Cabang Pejaten/00042.MTS
FILE	1TFRQIrTB1tUvW8RJgOr-b5DvYBYj4S_K	video/mp2t	Cabang MO/Cabang Pejaten/00043.MTS
DIR	1EYxw2pQPcDGXqivDnyn3p7HsUXw167hH	application/vnd.google-apps.folder	MO/bisnis besar dimulai dari langkah yg tepat
FILE	1xUl-uf3x7GaAcfjirgiKvhAgFfv0uySD	image/jpeg	MO/bisnis besar dimulai dari langkah yg tepat/bisnis besar dimulai dari langkah yg tepat-Sampul.jpg
FILE	1wQIVZgvVBCVhPNyXzhxV-Vlvw1z_-mnD	video/mp4	MO/bisnis besar dimulai dari langkah yg tepat/bisnis besar dimulai dari langkah yg tepat.mp4
DIR	1-BZaOv0ejJSpYrC9boRim0PzaoCwTUAs	application/vnd.google-apps.folder	MO/Dokumentasi
DIR	1nB4-kM1ukz4_wUmaCZYHAe8DHsiIxVhe	application/vnd.google-apps.folder	MO/Dokumentasi/Cabang MO
DIR	1bQemryjMaH224QtZdTu_qGRiv3_ON7C5	application/vnd.google-apps.folder	MO/Dokumentasi/Cabang MO/Cabang Bekasi
DIR	1909ZJgjPVOHAA73kvW_yI2TWnWsif_l3	application/vnd.google-apps.folder	MO/Dokumentasi/Cabang MO/Cabang Bekasi/Edited
FILE	1l88u-fxhmBDgX4pz_rAk1uJMw0ihOugK	image/jpeg	MO/Dokumentasi/Cabang MO/Cabang Bekasi/Edited/MNR09845.jpg
FILE	1s8LyE9gkqJD2_DIXXjhbVV6a5d81s7U7	image/jpeg	MO/Dokumentasi/Cabang MO/Cabang Bekasi/Edited/MNR09846.jpg
FILE	1vfOGbyLmfcMgyQcoRNmKPjtwjCbJ_0C6	image/jpeg	MO/Dokumentasi/Cabang MO/Cabang Bekasi/Edited/MNR09847.jpg
FILE	1isHDWlhVLk8cfeYacqlVBgzHs3t-Q81w	image/jpeg	MO/Dokumentasi/Cabang MO/Cabang Bekasi/Edited/MNR09848.jpg
FILE	131XexTcykRv7CqNueJn26hrPpAt8bsir	image/jpeg	MO/Dokumentasi/Cabang MO/Cabang Bekasi/Edited/MNR09850.jpg
FILE	1Q2B5po365S-UWASy6OwjkrFILtiBc8uZ	image/jpeg	MO/Dokumentasi/Cabang MO/Cabang Bekasi/Edited/MNR09851.jpg
FILE	1inLVX-X6NCuywOxv--u2WosXGa3JTGv8	image/jpeg	MO/Dokumentasi/Cabang MO/Cabang Bekasi/Edited/MNR09852.jpg
FILE	1hN-lBuaUlEzcqwr3KCRIf00BPhP5eToV	image/jpeg	MO/Dokumentasi/Cabang MO/Cabang Bekasi/Edited/MNR09854.jpg
FILE	1rht7ZD13tUrxNauEf0rr9y0XoPVjb4jU	image/jpeg	MO/Dokumentasi/Cabang MO/Cabang Bekasi/Edited/MNR09856.jpg
FILE	1HSuME42nIIc4kA1fjjVpbbL4LGQyC3S7	image/jpeg	MO/Dokumentasi/Cabang MO/Cabang Bekasi/Edited/MNR09858.jpg
FILE	1nDgkYTZYUHWQplcxvFKUwE0ObaNhw0QX	image/jpeg	MO/Dokumentasi/Cabang MO/Cabang Bekasi/Edited/MNR09859.jpg
FILE	1MN1da5VQVgxrzCRYtrCLiCMd-ZtMLKta	image/jpeg	MO/Dokumentasi/Cabang MO/Cabang Bekasi/Edited/MNR09860.jpg
FILE	1ONF8roMhY3qAADI7GxQVwY9AB0MK5-b1	image/jpeg	MO/Dokumentasi/Cabang MO/Cabang Bekasi/Edited/MNR09861.jpg
FILE	1hLmfVwuPkqJJh8vYcqVAnUVA2E0fQGXB	image/jpeg	MO/Dokumentasi/Cabang MO/Cabang Bekasi/Edited/MNR09862.jpg
FILE	1o5QWMM-woRWxTV1qo0RPvpWkPUSRSPa2	image/jpeg	MO/Dokumentasi/Cabang MO/Cabang Bekasi/Edited/MNR09863.jpg
FILE	1mjJW5KU5IC2y0LiclWY2vG0KmSR7X8I3	image/jpeg	MO/Dokumentasi/Cabang MO/Cabang Bekasi/Edited/MNR09864.jpg
FILE	1aNcOJxxBuA1TOcJXCRemgE0Gki6PsggE	image/jpeg	MO/Dokumentasi/Cabang MO/Cabang Bekasi/Edited/MNR09866.jpg
FILE	1qXftv7QfI-BPwbJEv0Lt4nOAtLX_yQeC	image/jpeg	MO/Dokumentasi/Cabang MO/Cabang Bekasi/Edited/MNR09867.jpg
FILE	1GfWSOU0FYLuWQxKXmN8FLpbK-oW-A_dE	image/jpeg	MO/Dokumentasi/Cabang MO/Cabang Bekasi/Edited/MNR09868.jpg
FILE	1zPElcLzoJ7TCOIxauFyVS3Nnj_RTIJQO	image/jpeg	MO/Dokumentasi/Cabang MO/Cabang Bekasi/Edited/MNR09869.jpg
FILE	1uTNVcwtKgbIsKw8aph7iALDoXbLk8Ile	image/jpeg	MO/Dokumentasi/Cabang MO/Cabang Bekasi/Edited/MNR09871.jpg
FILE	1K56q9sC5WxQQHfSVBxFfhkC5mTgfyx80	image/jpeg	MO/Dokumentasi/Cabang MO/Cabang Bekasi/Edited/MNR09872.jpg
FILE	1eC70l_ZjzzYpr_3KBU__p6liTgrdE8Mq	image/jpeg	MO/Dokumentasi/Cabang MO/Cabang Bekasi/Edited/MNR09873.jpg
FILE	16sJH0m-Ap84n65rTNd278SHSiBjGUgBh	image/jpeg	MO/Dokumentasi/Cabang MO/Cabang Bekasi/Edited/MNR09874.jpg
FILE	1rU-eC5JP9Ennl1Dpdc_Eja2i55gJEBIo	image/jpeg	MO/Dokumentasi/Cabang MO/Cabang Bekasi/Edited/MNR09875.jpg
FILE	1UWT4Ng36hjAsaQrad4PN9ONzwMlCVJUD	image/jpeg	MO/Dokumentasi/Cabang MO/Cabang Bekasi/Edited/MNR09876.jpg
FILE	1B82YqM7Aj5mvIlHWKJM8K9kMji9BKxom	image/jpeg	MO/Dokumentasi/Cabang MO/Cabang Bekasi/Edited/MNR09877.jpg
FILE	16fKagKljT0qnHO4vm11TT0ELUL-HKp4O	image/jpeg	MO/Dokumentasi/Cabang MO/Cabang Bekasi/Edited/MNR09878.jpg
FILE	1_yQ5Gqu_rBX8gsA9WHLJW8iQmtM53zv0	image/jpeg	MO/Dokumentasi/Cabang MO/Cabang Bekasi/Edited/MNR09879.jpg
FILE	1_2Qdl9AKbOpCAxwPJA6WzQ9Kpm6BPOwJ	image/jpeg	MO/Dokumentasi/Cabang MO/Cabang Bekasi/Edited/MNR09880.jpg
FILE	11krd-feCEwuezmPA0OZoxDGOL9MPDnjH	image/jpeg	MO/Dokumentasi/Cabang MO/Cabang Bekasi/Edited/MNR09881.jpg
FILE	1-BPrlZAMu1MOZB2RMxz-bvFrd7-RkFFw	image/jpeg	MO/Dokumentasi/Cabang MO/Cabang Bekasi/Edited/MNR09882.jpg
FILE	1Xgk31gdhvSePZc6vKYYTDAwzIqEKR1xR	image/jpeg	MO/Dokumentasi/Cabang MO/Cabang Bekasi/Edited/MNR09883.jpg
FILE	1OJ7J2aUOA2LHctWYzNY3DfC3iAVm9vlv	image/jpeg	MO/Dokumentasi/Cabang MO/Cabang Bekasi/Edited/MNR09884.jpg
FILE	163k446mKM_N4JX_cKvVdHwV_1I0SCUYZ	image/jpeg	MO/Dokumentasi/Cabang MO/Cabang Bekasi/Edited/MNR09885.jpg
FILE	1VJvlYR9_addDANDYjLP3newm9c-dvLjI	image/jpeg	MO/Dokumentasi/Cabang MO/Cabang Bekasi/Edited/MNR09886.jpg
FILE	12Vt_NJubA29T0dh569z8cCPS6PXKC42x	image/jpeg	MO/Dokumentasi/Cabang MO/Cabang Bekasi/Edited/MNR09887.jpg
FILE	1Z5POVw0T5LbXjuNFOO1TA6K0DYM9rMJp	image/jpeg	MO/Dokumentasi/Cabang MO/Cabang Bekasi/Edited/MNR09888.jpg
FILE	13izV8lYNi8AgZ6KfmthxbIMEXcvIHeVn	image/jpeg	MO/Dokumentasi/Cabang MO/Cabang Bekasi/Edited/MNR09889.jpg
FILE	1EsAZ9nqLXaXdkt7QXBIhAg7aWOpl79yt	image/jpeg	MO/Dokumentasi/Cabang MO/Cabang Bekasi/Edited/MNR09890.jpg
FILE	1wh0Kh7-pFeqaZ5u5bzyDA4f83Ss36lnA	image/jpeg	MO/Dokumentasi/Cabang MO/Cabang Bekasi/Edited/MNR09891.jpg
FILE	1KGWggRjjSzvKKHRuGt20LiaZlvZMo_7Y	image/jpeg	MO/Dokumentasi/Cabang MO/Cabang Bekasi/Edited/MNR09892.jpg
FILE	1r1ScLOomN_8gkpcgh7WMHkgXHEwuSW4U	image/jpeg	MO/Dokumentasi/Cabang MO/Cabang Bekasi/Edited/MNR09893.jpg
FILE	1arAkhbjRKr4a85R7kLtPOS4OUhgnGBvc	image/jpeg	MO/Dokumentasi/Cabang MO/Cabang Bekasi/Edited/MNR09894.jpg
FILE	14Oge8-_IQ6zxgLBqd_bPlZaCqaxtFTmS	image/jpeg	MO/Dokumentasi/Cabang MO/Cabang Bekasi/Edited/MNR09895.jpg
FILE	1VVPVZhDI5IySOjql7YOxCtezFZwkB5kU	image/jpeg	MO/Dokumentasi/Cabang MO/Cabang Bekasi/Edited/MNR09896.jpg
FILE	103FRg7NDGOxx8CnaG8iRvKy26IZKN5OW	image/jpeg	MO/Dokumentasi/Cabang MO/Cabang Bekasi/Edited/MNR09897.jpg
FILE	1J-__FVUUU6BFo-dSuHp_JTMF2rOFIjCk	image/jpeg	MO/Dokumentasi/Cabang MO/Cabang Bekasi/Edited/MNR09898.jpg
FILE	1-NXenBwYOD4oUqRr0TDUPwOejKsqQHyv	image/jpeg	MO/Dokumentasi/Cabang MO/Cabang Bekasi/Edited/MNR09899.jpg
FILE	1PZQdK4qZp1FrPeP3PgPyqKpLtMFTqdjg	image/jpeg	MO/Dokumentasi/Cabang MO/Cabang Bekasi/Edited/MNR09900.jpg
DIR	1uBaeB4-L3PM7q-CKXVS_EC5TNFjTpy9t	application/vnd.google-apps.folder	MO/Dokumentasi/Cabang MO/Cabang Bekasi/foto
FILE	12Jlkpu88z03W_UPJBTsEVdiZihdWvgkY	image/jpeg	MO/Dokumentasi/Cabang MO/Cabang Bekasi/foto/MNR09844.JPG
FILE	1MTW1Shl9LO9spvtAZbE92QixbEV1kKwV	image/jpeg	MO/Dokumentasi/Cabang MO/Cabang Bekasi/foto/MNR09845.JPG
FILE	1t8R7tGnqTMGbFPTnzDSWD0d9LxtDrAtg	image/jpeg	MO/Dokumentasi/Cabang MO/Cabang Bekasi/foto/MNR09846.JPG
FILE	1n4J9S5dR5CwaazO0wnTMwYg4xSnnr3m6	image/jpeg	MO/Dokumentasi/Cabang MO/Cabang Bekasi/foto/MNR09847.JPG
FILE	1j-A39bNMSj65XDIxi6BIcfVuARKEDzPs	image/jpeg	MO/Dokumentasi/Cabang MO/Cabang Bekasi/foto/MNR09848.JPG
FILE	1NOttfaYrItdLVKHRjjgZhdyEVigH3Riu	image/jpeg	MO/Dokumentasi/Cabang MO/Cabang Bekasi/foto/MNR09849.JPG
FILE	1FwQzI1iQvaWy7CsHAN6gl1eKyVXeFqLS	image/jpeg	MO/Dokumentasi/Cabang MO/Cabang Bekasi/foto/MNR09850.JPG
FILE	1orK00wCDjT1WPZZjqrucGMYoRFpI6IsY	image/jpeg	MO/Dokumentasi/Cabang MO/Cabang Bekasi/foto/MNR09851.JPG
FILE	1fjRPOQxPLcl0Y_GQB3flBghfr3pN_3oE	image/jpeg	MO/Dokumentasi/Cabang MO/Cabang Bekasi/foto/MNR09852.JPG
FILE	1x07F5ckhRBLL3huAo45EU5KEP0KdFiIN	image/jpeg	MO/Dokumentasi/Cabang MO/Cabang Bekasi/foto/MNR09853.JPG
FILE	1ogIY7bxcfNvU27aFCGNKPxuvp__wwYBF	image/jpeg	MO/Dokumentasi/Cabang MO/Cabang Bekasi/foto/MNR09854.JPG
FILE	1nHPgUl8vuvmihX-iZiQP5CyP3_YGfxu2	image/jpeg	MO/Dokumentasi/Cabang MO/Cabang Bekasi/foto/MNR09855.JPG
FILE	19ZQCLEeVDETtzC9gZ0ShgFrVDlxhgT9r	image/jpeg	MO/Dokumentasi/Cabang MO/Cabang Bekasi/foto/MNR09856.JPG
FILE	1kkfCSeBbkIGdk4BqS_liJtAobEm8BT3M	image/jpeg	MO/Dokumentasi/Cabang MO/Cabang Bekasi/foto/MNR09857.JPG
FILE	1EbGh7U2wJZto62stTSbSEWuyyLPtNSOi	image/jpeg	MO/Dokumentasi/Cabang MO/Cabang Bekasi/foto/MNR09858.JPG
FILE	1TviSvEdtgXpL28d738J8DRDVZHHfCf-W	image/jpeg	MO/Dokumentasi/Cabang MO/Cabang Bekasi/foto/MNR09859.JPG
FILE	15DCKq1_8VDSlYrMjT0RjCbiygX1xWRkp	image/jpeg	MO/Dokumentasi/Cabang MO/Cabang Bekasi/foto/MNR09860.JPG
FILE	1YxSJ7vxh0oKINXvznJZyZYpgHMgADj5s	image/jpeg	MO/Dokumentasi/Cabang MO/Cabang Bekasi/foto/MNR09861.JPG
FILE	1DuAj_v0W2F4YHJZZNkK92CqCty9JCEor	image/jpeg	MO/Dokumentasi/Cabang MO/Cabang Bekasi/foto/MNR09862.JPG
FILE	1tR0zLxcA2weW_nuIbFEoX1aLgzUA0OXf	image/jpeg	MO/Dokumentasi/Cabang MO/Cabang Bekasi/foto/MNR09863.JPG
FILE	1gm1kyk5_s-rt3XDa53d85bwARyaegP8Q	image/jpeg	MO/Dokumentasi/Cabang MO/Cabang Bekasi/foto/MNR09864.JPG
FILE	1So_K0OQSkkWFsMsJYMllLA7Jv-OA5QPT	image/jpeg	MO/Dokumentasi/Cabang MO/Cabang Bekasi/foto/MNR09865.JPG
FILE	12QUcFa42ram_3DBxyVpR_P8EE_QJxnrE	image/jpeg	MO/Dokumentasi/Cabang MO/Cabang Bekasi/foto/MNR09866.JPG
FILE	1TAvNZBgxxbPG4knWw0j8dSXpjCp0ElIk	image/jpeg	MO/Dokumentasi/Cabang MO/Cabang Bekasi/foto/MNR09867.JPG
FILE	1AOuYRwt-tgsF5skTQEd7t2q9_AEkxPt0	image/jpeg	MO/Dokumentasi/Cabang MO/Cabang Bekasi/foto/MNR09868.JPG
FILE	1AvCOZPWZmMaDE4fi1b6ePR2cVQuUTv-I	image/jpeg	MO/Dokumentasi/Cabang MO/Cabang Bekasi/foto/MNR09869.JPG
FILE	1_pSLKFqzcFAn-GbaGwvd44hcxqcdx-QY	image/jpeg	MO/Dokumentasi/Cabang MO/Cabang Bekasi/foto/MNR09871.JPG
FILE	18A41VuNC9oXAIoDDMqveWFZVaJpAQKW-	image/jpeg	MO/Dokumentasi/Cabang MO/Cabang Bekasi/foto/MNR09872.JPG
FILE	1n4-WISA8SfE8APZhkR1xbgUNvBAJB-xf	image/jpeg	MO/Dokumentasi/Cabang MO/Cabang Bekasi/foto/MNR09873.JPG
FILE	1zRHJF3aPzE9OIw5pk5tLQ-ynXbg2r3Xy	image/jpeg	MO/Dokumentasi/Cabang MO/Cabang Bekasi/foto/MNR09874.JPG
FILE	1OccD3lvLzhUqanHMpiLSTqdybAASQMQv	image/jpeg	MO/Dokumentasi/Cabang MO/Cabang Bekasi/foto/MNR09875.JPG
FILE	1MjfrYUjLU-6Un6YrwoYcEAFdPB0plGTi	image/jpeg	MO/Dokumentasi/Cabang MO/Cabang Bekasi/foto/MNR09876.JPG
FILE	1mo94p7rQTlOiztO1WIWKDAV3Q_7jE8C8	image/jpeg	MO/Dokumentasi/Cabang MO/Cabang Bekasi/foto/MNR09877.JPG
FILE	1LdCdcnwz5b9ySEVONxlwDFcDgREbx6iU	image/jpeg	MO/Dokumentasi/Cabang MO/Cabang Bekasi/foto/MNR09878.JPG
FILE	1dhA9ttSPOR1MQ17d_EdLPy7rrqImdX1Z	image/jpeg	MO/Dokumentasi/Cabang MO/Cabang Bekasi/foto/MNR09879.JPG
FILE	1erLj89cyweZfTk8ssUT1uFBFOPFmkShA	image/jpeg	MO/Dokumentasi/Cabang MO/Cabang Bekasi/foto/MNR09880.JPG
FILE	1KUS-yPeUyt_NUoKSRKl30IRHKhh21cGg	image/jpeg	MO/Dokumentasi/Cabang MO/Cabang Bekasi/foto/MNR09881.JPG
FILE	1-FObagYkVApklsHItxrNGL21RMeytgdg	image/jpeg	MO/Dokumentasi/Cabang MO/Cabang Bekasi/foto/MNR09882.JPG
FILE	1XvDGq1scdOOo9iAhXS56oxJGr21eCn-J	image/jpeg	MO/Dokumentasi/Cabang MO/Cabang Bekasi/foto/MNR09883.JPG
FILE	1Ibs1VSvTbPRDyzXnKgFAiMINTnMWugpG	image/jpeg	MO/Dokumentasi/Cabang MO/Cabang Bekasi/foto/MNR09884.JPG
FILE	17kZLRcaz9rt33WfcaKwoq5klC2JiHidC	image/jpeg	MO/Dokumentasi/Cabang MO/Cabang Bekasi/foto/MNR09885.JPG
FILE	10-ExndPRrf7efnqPoa5jYFe3DwDNqeER	image/jpeg	MO/Dokumentasi/Cabang MO/Cabang Bekasi/foto/MNR09886.JPG
FILE	18m-iEbuhaVlB7Je6ild9GX8T32Ne24FU	image/jpeg	MO/Dokumentasi/Cabang MO/Cabang Bekasi/foto/MNR09887.JPG
FILE	1e5DJF5XM-1_h5EZw7gEDrNrXTHP_l_Yx	image/jpeg	MO/Dokumentasi/Cabang MO/Cabang Bekasi/foto/MNR09888.JPG
FILE	1y9eaJW_mJxJr9ekCoDyUDKIdqGGUNqaM	image/jpeg	MO/Dokumentasi/Cabang MO/Cabang Bekasi/foto/MNR09889.JPG
FILE	1lUVyex_HNhSxfGvGlUtZBJ64Fj_ROTgE	image/jpeg	MO/Dokumentasi/Cabang MO/Cabang Bekasi/foto/MNR09890.JPG
FILE	1lR5a86gD0UW4tjDprgW6lRiscvetKcXN	image/jpeg	MO/Dokumentasi/Cabang MO/Cabang Bekasi/foto/MNR09891.JPG
FILE	1l6nKHhXi_2S9FZYqOgyB9ra85znfRz1n	image/jpeg	MO/Dokumentasi/Cabang MO/Cabang Bekasi/foto/MNR09892.JPG
FILE	1qKkCNVWjtMV4DteaDHVA9b1-thPKQvOr	image/jpeg	MO/Dokumentasi/Cabang MO/Cabang Bekasi/foto/MNR09893.JPG
FILE	1Yl3bzdAN82GSL-8erNIfgDuIzKyTNGA9	image/jpeg	MO/Dokumentasi/Cabang MO/Cabang Bekasi/foto/MNR09894.JPG
DIR	1tf0aXDZa7nwRjnPk3RieOmL-ba5TTWuS	application/vnd.google-apps.folder	MO/Dokumentasi/Cabang MO/Cabang Bekasi/RAW
FILE	1H_dYG-P9lINe5BJLRwEbGwMlcZgpsqGl	image/arw	MO/Dokumentasi/Cabang MO/Cabang Bekasi/RAW/MNR09844.ARW
FILE	1f0TF8eXvdKYD0NgRTGTxAAG4l7i2mRPZ	image/arw	MO/Dokumentasi/Cabang MO/Cabang Bekasi/RAW/MNR09845.ARW
FILE	1WJ9bwHQNjX2KrLsyFWeE62C-FRK5QPwh	image/arw	MO/Dokumentasi/Cabang MO/Cabang Bekasi/RAW/MNR09846.ARW
FILE	1_bw9WX87Tg34s2EDWj6fDFdW3MRXWoM8	image/arw	MO/Dokumentasi/Cabang MO/Cabang Bekasi/RAW/MNR09847.ARW
FILE	1GifnRP68wyEdpkyz3g2OISctDCXosQUy	image/arw	MO/Dokumentasi/Cabang MO/Cabang Bekasi/RAW/MNR09848.ARW
FILE	1likJ0L9NF3jJ-SDbk9hu2oHB7luah__a	image/arw	MO/Dokumentasi/Cabang MO/Cabang Bekasi/RAW/MNR09849.ARW
FILE	1nNWb6KSTGXloq4ntGPdOZTfmBbwpQO_1	image/arw	MO/Dokumentasi/Cabang MO/Cabang Bekasi/RAW/MNR09850.ARW
FILE	1aPhYeRAM7ZM4gOx5lsyMBpI89ztOF1Y0	image/arw	MO/Dokumentasi/Cabang MO/Cabang Bekasi/RAW/MNR09851.ARW
FILE	1BkL7mv_H5_CwinSVOkp0gqTUIQApA-IW	image/arw	MO/Dokumentasi/Cabang MO/Cabang Bekasi/RAW/MNR09852.ARW
FILE	1GOOSfqX-ySk4yZuj8usjZ42l4fKgKpID	image/arw	MO/Dokumentasi/Cabang MO/Cabang Bekasi/RAW/MNR09853.ARW
FILE	1FboSogQkFgurt5edkTd_zK20gsNeViW4	image/arw	MO/Dokumentasi/Cabang MO/Cabang Bekasi/RAW/MNR09854.ARW
FILE	1f5oi1CXgSQjpCX4iOrkOhTIovpKkv3Tu	image/arw	MO/Dokumentasi/Cabang MO/Cabang Bekasi/RAW/MNR09855.ARW
FILE	1UA3mUbM14L8vUTDmhKC1rrgqEo1BOo4S	image/arw	MO/Dokumentasi/Cabang MO/Cabang Bekasi/RAW/MNR09856.ARW
FILE	1hiYXBDvrvVSLFB6iJXvhynzpSaq91rXU	image/arw	MO/Dokumentasi/Cabang MO/Cabang Bekasi/RAW/MNR09857.ARW
FILE	1iAy2DljpBjtI3XDAvUvUfGYJ9nvMJKuD	image/arw	MO/Dokumentasi/Cabang MO/Cabang Bekasi/RAW/MNR09858.ARW
FILE	1UEaR0WiHBX3Yd9rAjvgrS9TVt5s3nVy-	image/arw	MO/Dokumentasi/Cabang MO/Cabang Bekasi/RAW/MNR09859.ARW
FILE	1z3JWb9GVK5u4gZpS4l5G8Cmu-4tds05V	image/arw	MO/Dokumentasi/Cabang MO/Cabang Bekasi/RAW/MNR09860.ARW
FILE	1um8A1Yr2ySqG_eqqDmZMhmDPe-pZFSwy	image/arw	MO/Dokumentasi/Cabang MO/Cabang Bekasi/RAW/MNR09861.ARW
FILE	1FnCQsB8KBG_FeuKaZj8titzgJrW8o8au	image/arw	MO/Dokumentasi/Cabang MO/Cabang Bekasi/RAW/MNR09862.ARW
FILE	1KvGsuOviAYTvzpCS_t5xObz1GPx0XKJB	image/arw	MO/Dokumentasi/Cabang MO/Cabang Bekasi/RAW/MNR09863.ARW
FILE	1Rxa7wkun2_7yoyaK1_qNUtqJvVwbZ2IT	image/arw	MO/Dokumentasi/Cabang MO/Cabang Bekasi/RAW/MNR09864.ARW
FILE	19oxpWCLov3YeaBf2RybGe36lxh5LhcuR	image/arw	MO/Dokumentasi/Cabang MO/Cabang Bekasi/RAW/MNR09865.ARW
FILE	1F6qtex6BUeEWaGm7gDbU2FEvX-3EFBs6	image/arw	MO/Dokumentasi/Cabang MO/Cabang Bekasi/RAW/MNR09866.ARW
FILE	1CA_AFk6XpYLlSSMydnwFURtBa5gPf8Xo	image/arw	MO/Dokumentasi/Cabang MO/Cabang Bekasi/RAW/MNR09867.ARW
FILE	1LB5U3ETQSzgYFlJ-zGuj4uwoIugM4GQ1	image/arw	MO/Dokumentasi/Cabang MO/Cabang Bekasi/RAW/MNR09868.ARW
FILE	1ATOQVXj0LNwx0-h1_W4ddLIbvGeVSt_O	image/arw	MO/Dokumentasi/Cabang MO/Cabang Bekasi/RAW/MNR09869.ARW
FILE	1ldtbXc77vfp_AGtV2b38d1uPpaAt53M9	image/arw	MO/Dokumentasi/Cabang MO/Cabang Bekasi/RAW/MNR09870.ARW
FILE	1jYdgIpB5VU7P08ck7MuOWCJdO1W6qgwp	image/jpeg	MO/Dokumentasi/Cabang MO/Cabang Bekasi/RAW/MNR09870.JPG
FILE	1o6HCYRPoVe4N5VOoYwuwYPnKXd2oB6zp	image/arw	MO/Dokumentasi/Cabang MO/Cabang Bekasi/RAW/MNR09871.ARW
FILE	1QWvsiYzGxMEiF4BnBLGI2xJJC9r_WG8M	image/arw	MO/Dokumentasi/Cabang MO/Cabang Bekasi/RAW/MNR09872.ARW
FILE	18jgT9REpZGdAztA84rNVqemEbW3Oo36n	image/arw	MO/Dokumentasi/Cabang MO/Cabang Bekasi/RAW/MNR09873.ARW
FILE	1PBcWGROlvIahUtk6qtwd7kxrlSUX_4TK	image/arw	MO/Dokumentasi/Cabang MO/Cabang Bekasi/RAW/MNR09874.ARW
FILE	1vRUpm2piLnOohpICqCJJ0Bk29LhZTI98	image/arw	MO/Dokumentasi/Cabang MO/Cabang Bekasi/RAW/MNR09875.ARW
FILE	1QaefQQyAvhgQUzvLSxFlJd2Qyx1nXg96	image/arw	MO/Dokumentasi/Cabang MO/Cabang Bekasi/RAW/MNR09876.ARW
FILE	1KLT-yeI4ia3hB1B3fazrspe0R33MbcUr	image/arw	MO/Dokumentasi/Cabang MO/Cabang Bekasi/RAW/MNR09877.ARW
FILE	1WqU5VpCaN8Fo2YZoYXdlF1hDZ_ZID-rs	image/arw	MO/Dokumentasi/Cabang MO/Cabang Bekasi/RAW/MNR09878.ARW
FILE	1sl-W08VMNdJlftcoSsnAoCdO4xMeJxIL	image/arw	MO/Dokumentasi/Cabang MO/Cabang Bekasi/RAW/MNR09879.ARW
FILE	1PL-X4ezRysMAFkcX0WwMNWKv9VoDCfl1	image/arw	MO/Dokumentasi/Cabang MO/Cabang Bekasi/RAW/MNR09880.ARW
FILE	1EaRSo2815SpIq_NUvbUtnuaQU3NbNtga	image/arw	MO/Dokumentasi/Cabang MO/Cabang Bekasi/RAW/MNR09881.ARW
FILE	1HBSyXu1cds9fNqiR2dITMKVG2-HKX5Hg	image/arw	MO/Dokumentasi/Cabang MO/Cabang Bekasi/RAW/MNR09882.ARW
FILE	1c8PvUKCDDXuteWk8kYn6stI81nQYDDlC	image/arw	MO/Dokumentasi/Cabang MO/Cabang Bekasi/RAW/MNR09883.ARW
FILE	1w2oZS0SDv4uVq6jEOyouNADiFgkymCEe	image/arw	MO/Dokumentasi/Cabang MO/Cabang Bekasi/RAW/MNR09884.ARW
FILE	1gANmJxFXtrubE-PjwKH1BgxySY7_VZdJ	image/arw	MO/Dokumentasi/Cabang MO/Cabang Bekasi/RAW/MNR09885.ARW
FILE	16Gdo9egTGFuuBDDKaP0_yj8H2LbhNN3e	image/arw	MO/Dokumentasi/Cabang MO/Cabang Bekasi/RAW/MNR09886.ARW
FILE	1aXP998r7bxZddH-tNxLfByEhMR9-LGzR	image/arw	MO/Dokumentasi/Cabang MO/Cabang Bekasi/RAW/MNR09887.ARW
FILE	1orJufZ1PqhZouaxOnLsrW8hpng6B76QH	image/arw	MO/Dokumentasi/Cabang MO/Cabang Bekasi/RAW/MNR09888.ARW
FILE	1e7NqpDQLM-hg-2b-KwDhKHXC-NeIqn1T	image/arw	MO/Dokumentasi/Cabang MO/Cabang Bekasi/RAW/MNR09889.ARW
FILE	1AT5VWUKI4Hbc4BTKkAPI77nLrTddz_ou	image/arw	MO/Dokumentasi/Cabang MO/Cabang Bekasi/RAW/MNR09890.ARW
FILE	1g68c6iGLAy11WU-fQOJLpSkpoqejLb9T	image/arw	MO/Dokumentasi/Cabang MO/Cabang Bekasi/RAW/MNR09891.ARW
FILE	1KcS5yIELj_LBgDteZ2-cmRYFv7ov6EFf	image/arw	MO/Dokumentasi/Cabang MO/Cabang Bekasi/RAW/MNR09892.ARW
DIR	1R8zt_tMBIjWHeZbbV2CpPcJr4hwP-XPA	application/vnd.google-apps.folder	MO/Dokumentasi/Cabang MO/Cabang Bekasi/Video
FILE	1DIHG9CcCij_i3PWO4y0gBPztGjllti19	video/mp4	MO/Dokumentasi/Cabang MO/Cabang Bekasi/Video/C0001.MP4
FILE	1VM4qtJvclfxh2O5gvSy3cYgOrfBiykrr	video/mp4	MO/Dokumentasi/Cabang MO/Cabang Bekasi/Video/C0002.MP4
FILE	1dAOH5Ulxk6ba-72FhdeIn-RzEy9AwgVn	video/mp4	MO/Dokumentasi/Cabang MO/Cabang Bekasi/Video/C0003.MP4
FILE	1W-kplulZ1dQBaIQw3w9kBsHYmm2vjaqz	video/mp4	MO/Dokumentasi/Cabang MO/Cabang Bekasi/Video/C0004.MP4
FILE	1ZaYpx1d9u9Pmeqi0kQbzKp1iLMEHf3cG	video/mp4	MO/Dokumentasi/Cabang MO/Cabang Bekasi/Video/C0005.MP4
FILE	1S7jZvrJv6gv4EJL4FM6eMtNwIbEBD8eF	video/mp4	MO/Dokumentasi/Cabang MO/Cabang Bekasi/Video/C0006.MP4
FILE	1zg1WsozOLSo7DpfMQ7ILiI9VLyxrNFs9	video/mp4	MO/Dokumentasi/Cabang MO/Cabang Bekasi/Video/C0007.MP4
FILE	19giBkqLEuvTgz_W4BQkC_aO9KgO47-B7	video/mp4	MO/Dokumentasi/Cabang MO/Cabang Bekasi/Video/C0008.MP4
FILE	1PQ9vr5bzELNxCymV_Y5Yfn9PRqu-LejW	video/mp4	MO/Dokumentasi/Cabang MO/Cabang Bekasi/Video/C0009.MP4
FILE	1sBem0WNOzf_wXb4QxOpVUhHoYXzygr8w	video/mp4	MO/Dokumentasi/Cabang MO/Cabang Bekasi/Video/C0010.MP4
FILE	1PSgvJpu9BUotufjdSy0QnEgoIjheDjRl	video/mp4	MO/Dokumentasi/Cabang MO/Cabang Bekasi/Video/C0011.MP4
FILE	1Ua7fd9OYN6McnkRY7LcqQ2LPdlivdeao	video/mp4	MO/Dokumentasi/Cabang MO/Cabang Bekasi/Video/C0012.MP4
FILE	1rwI2Rv-Y1c8onjsf31Kw3hJvmgiCG9Jj	video/mp4	MO/Dokumentasi/Cabang MO/Cabang Bekasi/Video/C0013.MP4
FILE	1DcIkqLFWWTPfDzqwp-wxY7deB6d492Pc	video/mp4	MO/Dokumentasi/Cabang MO/Cabang Bekasi/Video/C0014.MP4
FILE	1iC4zJIsBuAdZO9k75YL4mUh3FkTOJTPg	video/mp4	MO/Dokumentasi/Cabang MO/Cabang Bekasi/Video/C0015.MP4
FILE	1kUGYla23pCk1uBhCycKcd_XOml-PQ5QS	video/mp4	MO/Dokumentasi/Cabang MO/Cabang Bekasi/Video/C0016.MP4
FILE	1D9bO4FnSFi3JKUF5u_w8hNC2n0CevF3S	video/mp4	MO/Dokumentasi/Cabang MO/Cabang Bekasi/Video/C0017.MP4
FILE	1eEnkaMA7V1UlDl_UW_8ZyIMmojdbXkqh	video/mp4	MO/Dokumentasi/Cabang MO/Cabang Bekasi/Video/C0018.MP4
FILE	1KS2teJtAG9E41cwDlsfukRBAsKLUk6FC	video/mp4	MO/Dokumentasi/Cabang MO/Cabang Bekasi/Video/C0019.MP4
FILE	1ADAMkycdMWqTo11ynK9fa33lR2qtnK5P	video/mp4	MO/Dokumentasi/Cabang MO/Cabang Bekasi/Video/C0020.MP4
FILE	1HeQKcHBeF9SjjLeeJ5YAA0sdo_fSmIyA	video/mp4	MO/Dokumentasi/Cabang MO/Cabang Bekasi/Video/C0021.MP4
FILE	1VhQQ_CmUZyOx5l_ZXmAtqQR8OeCqNAVN	video/mp4	MO/Dokumentasi/Cabang MO/Cabang Bekasi/Video/C0022.MP4
FILE	1qGz878bdlB3USs4iD54kItYC8OIXODTz	video/mp4	MO/Dokumentasi/Cabang MO/Cabang Bekasi/Video/C0023.MP4
FILE	1U1_mpRmRthlGdWnYNacDSXgEsJrPiEXB	video/mp4	MO/Dokumentasi/Cabang MO/Cabang Bekasi/Video/C0024.MP4
FILE	1fM2HvP4n2f_2wyDlXsUHDoKn9-Bkcga8	video/mp4	MO/Dokumentasi/Cabang MO/Cabang Bekasi/Video/C0025.MP4
FILE	1S4g1QmkyFWIhbLqqx8p6MfW2nWR1Lv5i	video/mp4	MO/Dokumentasi/Cabang MO/Cabang Bekasi/Video/C0026.MP4
FILE	1RtJwavDtT43OHfhUci80QsGGxi1gHdvw	video/mp4	MO/Dokumentasi/Cabang MO/Cabang Bekasi/Video/C0027.MP4
FILE	1x8W2mot8Khpx-KkcKrHCYCvN5_7nHAKj	video/mp4	MO/Dokumentasi/Cabang MO/Cabang Bekasi/Video/C0028.MP4
FILE	1-_oWNEzVnd3N3PNtIhlnsfGhc2HMMEF0	video/mp4	MO/Dokumentasi/Cabang MO/Cabang Bekasi/Video/C0029.MP4
FILE	1pF4-MwTb3eNUphp4cMgh-GhEkAqdR5_T	video/mp4	MO/Dokumentasi/Cabang MO/Cabang Bekasi/Video/C0030.MP4
FILE	15OfxLCbJ7bRWm0WdL6VaQHqrivUjxDl1	video/mp4	MO/Dokumentasi/Cabang MO/Cabang Bekasi/Video/C0031.MP4
FILE	1EO2oYoAHSCN5VFzIEW-Ekkx1R01JLzu7	video/mp4	MO/Dokumentasi/Cabang MO/Cabang Bekasi/Video/C0032.MP4
FILE	1yGYA0QenNNODekggl0P9IBHKgXTnNnJf	video/mp4	MO/Dokumentasi/Cabang MO/Cabang Bekasi/Video/C0033.MP4
FILE	1emef79EAXwz1x1skYWemlMvTo07eNZsn	video/mp4	MO/Dokumentasi/Cabang MO/Cabang Bekasi/Video/C0034.MP4
FILE	1YivYRAotVu9hZUvzTQjlw3yrwKay2GM7	video/mp4	MO/Dokumentasi/Cabang MO/Cabang Bekasi/Video/C0035.MP4
FILE	11OLgAmz6OHl0jZJm0302CAOu02In3Wt3	video/mp4	MO/Dokumentasi/Cabang MO/Cabang Bekasi/Video/C0036.MP4
FILE	1kuU5VyF2eVCD3wTrvwGakFs_cv9OevPV	video/mp4	MO/Dokumentasi/Cabang MO/Cabang Bekasi/Video/C0037.MP4
FILE	1v4AZrhtUtR0ApZdsi8WzHmhXgnXjG4P_	video/mp4	MO/Dokumentasi/Cabang MO/Cabang Bekasi/Video/C0038.MP4
FILE	1oycQwASSukO8DzSGtrOc-pDJ_sqNfcJW	video/mp4	MO/Dokumentasi/Cabang MO/Cabang Bekasi/Video/C0039.MP4
FILE	1hno8WPmqDDEdJEif47LwLHlDn88rZJoY	video/mp4	MO/Dokumentasi/Cabang MO/Cabang Bekasi/Video/C0040.MP4
FILE	1o9AlBRICrmwBW74MRDQ5qoha9PkVOGAT	video/mp4	MO/Dokumentasi/Cabang MO/Cabang Bekasi/Video/C0041.MP4
FILE	1dolspzrj-BwhcN3KS0a0b1s_OgDkiaZe	video/mp4	MO/Dokumentasi/Cabang MO/Cabang Bekasi/Video/C0042.MP4
FILE	1ZzaUVIPifqvTH2jYYFL0GqW0LygEWsyv	video/mp4	MO/Dokumentasi/Cabang MO/Cabang Bekasi/Video/C0043.MP4
FILE	1cJ-BJ4Y-7XqE0i8b1wL5yj5XYJJhWlq2	video/mp4	MO/Dokumentasi/Cabang MO/Cabang Bekasi/Video/C0044.MP4
FILE	1NmLgIuDy-jIK4Md5CtQInmssblQbvTNn	video/mp4	MO/Dokumentasi/Cabang MO/Cabang Bekasi/Video/C0045.MP4
FILE	1Z_8bSlgYqMsKu4Fuajq9meWQODShyQNq	video/mp4	MO/Dokumentasi/Cabang MO/Cabang Bekasi/Video/C0046.MP4
FILE	1Z7uXfFCbmkFOVRjttcRWldxpFm4tKwZj	video/mp4	MO/Dokumentasi/Cabang MO/Cabang Bekasi/Video/C0047.MP4
DIR	1qthB-xZl-ruwGsPLZlevix3rjJ97CalA	application/vnd.google-apps.folder	MO/Dokumentasi/Cabang MO/Cabang Cempaka
DIR	1LTejlw9BzVrzUS0YM48NrynpRNQo1n7-	application/vnd.google-apps.folder	MO/Dokumentasi/Cabang MO/Cabang Cempaka/FOTO
FILE	1VlfWwoPhtVJmLA4pfCeZsBazN5Z028Q3	image/png	MO/Dokumentasi/Cabang MO/Cabang Cempaka/FOTO/MO_Cempaka-front office.png
FILE	1fZ4lGxrDmPyv6GM6HPW3mcdtIzKcw9iE	image/png	MO/Dokumentasi/Cabang MO/Cabang Cempaka/FOTO/MO_Cempaka-front office2.png
FILE	1pfe4_oW0xp-8sq0QdaKKD1VKt0vwniFC	image/png	MO/Dokumentasi/Cabang MO/Cabang Cempaka/FOTO/MO_Cempaka-private room.png
FILE	18jsNq8ga954mmYazkUaajL3UxvHbQcZz	image/png	MO/Dokumentasi/Cabang MO/Cabang Cempaka/FOTO/MO_Cempaka-room meeting.png
FILE	1WO08A6e-ahvJjc5vy23eABr7TfUf74nE	image/png	MO/Dokumentasi/Cabang MO/Cabang Cempaka/FOTO/MO_Cempaka-room meeting2.png
FILE	1abo_-P4KoY73CbkP67nhFBtpPjdCP0KC	image/png	MO/Dokumentasi/Cabang MO/Cabang Cempaka/FOTO/MO_Cempaka-room office.png
FILE	1TdZJtl3gbceldq0KkgG7VuIyq8sTQfvF	image/png	MO/Dokumentasi/Cabang MO/Cabang Cempaka/FOTO/MO_Cempaka-room sharing.png
FILE	1Dn-PzxH9qm8JTVjLwymQSHbirzeijIbU	video/mp4	MO/Dokumentasi/Cabang MO/Cabang Cempaka/C8585.MP4
FILE	1VCq_6FOKj6SDJnO8H-hvrScg54CYS4Et	video/mp4	MO/Dokumentasi/Cabang MO/Cabang Cempaka/C8588.MP4
FILE	1MYJiAgCAxx5n09BWpnC4Px6nm1rifFLP	video/mp4	MO/Dokumentasi/Cabang MO/Cabang Cempaka/C8592.MP4
FILE	1h-Zr5C1SFJwvy83ujsW9kJwDFOX14KSp	video/mp4	MO/Dokumentasi/Cabang MO/Cabang Cempaka/C8593.MP4
FILE	1AaOkSl77pUbz-RadBCC9BUlKZADnNhic	video/mp4	MO/Dokumentasi/Cabang MO/Cabang Cempaka/C8594.MP4
FILE	1lrpL0Q_oVMD7egv4WjA22WbdOviUbul9	video/mp4	MO/Dokumentasi/Cabang MO/Cabang Cempaka/C8597.MP4
FILE	1fFJ-wD5MU3yz6Dvsqizp8s8cbrvPwfIi	video/mp4	MO/Dokumentasi/Cabang MO/Cabang Cempaka/C8598.MP4
FILE	14ADfxQHixxkfUsSaDuTJIuXriQIHUE6q	video/mp4	MO/Dokumentasi/Cabang MO/Cabang Cempaka/C8599.MP4
FILE	1vUwAzU6Xoz9KDC2NqNSs84DIdPh06AZE	video/mp4	MO/Dokumentasi/Cabang MO/Cabang Cempaka/C8600.MP4
FILE	1sqq0-T8q_24I8gF8Jtq658fdV0Fo-x6F	video/mp4	MO/Dokumentasi/Cabang MO/Cabang Cempaka/C8601.MP4
FILE	1Zt8d9GK03Kw-If3DhyqLtrMgLLn09Sw-	video/mp4	MO/Dokumentasi/Cabang MO/Cabang Cempaka/C8602.MP4
FILE	1lysvwq6Txo0cFdV-nSwlLYk0Ozoix6Gi	video/mp4	MO/Dokumentasi/Cabang MO/Cabang Cempaka/C8603.MP4
FILE	1-mZl3ybEF7fQc9e2-8xLT36X2PCftOmS	video/mp4	MO/Dokumentasi/Cabang MO/Cabang Cempaka/C8604.MP4
DIR	1C_Tk7R8jaCuGTj73KWWk9LBY0InhpbPB	application/vnd.google-apps.folder	MO/Dokumentasi/Cabang MO/Cabang Epiwalk
FILE	1RVSLxPp2cwLHv2VTGNxEdVqudjgApo7M	video/mp4	MO/Dokumentasi/Cabang MO/Cabang Epiwalk/C0061.MP4
FILE	1gWnbU6qbyFgI5t6fritowe79OaCvDlEJ	video/mp4	MO/Dokumentasi/Cabang MO/Cabang Epiwalk/C0062.MP4
FILE	1esIEDQf9IZ3z_OosZL2QWpxVhIJXWbZ5	video/quicktime	MO/Dokumentasi/Cabang MO/Cabang Epiwalk/IMG_4137.MOV
FILE	1-vrQR5PC2GLJdHoeBJie8qy1_UuhLAVH	video/quicktime	MO/Dokumentasi/Cabang MO/Cabang Epiwalk/IMG_4139.MOV
FILE	1dUH4VNeJ-RKPcVg_utJfMHK0AjkvquUi	video/quicktime	MO/Dokumentasi/Cabang MO/Cabang Epiwalk/IMG_4140.MOV
FILE	1we84lHTvWXaZo2oYJKpkUbHSBY97gPn2	video/quicktime	MO/Dokumentasi/Cabang MO/Cabang Epiwalk/IMG_4143.MOV
FILE	1MpgV5tFcgD3LBRcBHf6Zwra2pUL1OMuS	video/quicktime	MO/Dokumentasi/Cabang MO/Cabang Epiwalk/IMG_4144.MOV
FILE	1jvyWylic2qoYa4RcR0eSq3C8ifbGWdgX	video/quicktime	MO/Dokumentasi/Cabang MO/Cabang Epiwalk/IMG_4145.MOV
FILE	1QNSSJ_NihNREYGnOg78r2NjBrnn1LohN	video/quicktime	MO/Dokumentasi/Cabang MO/Cabang Epiwalk/IMG_4146.MOV
FILE	1W-p8tG9Ozb2tqhREGPuYOAWLy3FvKryp	video/quicktime	MO/Dokumentasi/Cabang MO/Cabang Epiwalk/IMG_4147.MOV
FILE	1J3VBWv90q3Hmvfes5IP35sjT_16nogHR	video/quicktime	MO/Dokumentasi/Cabang MO/Cabang Epiwalk/IMG_4149.MOV
FILE	13JyrVQueqT41cZMq9V6NCMLjxcEuX90-	video/quicktime	MO/Dokumentasi/Cabang MO/Cabang Epiwalk/IMG_4150.MOV
FILE	1gGEhLy2GJDps1hxz6L6KzFrSypn-Zds7	video/quicktime	MO/Dokumentasi/Cabang MO/Cabang Epiwalk/IMG_4151.MOV
FILE	1_iSY_zhKiJhXSYQgAeB16o5q04SUYUqr	video/quicktime	MO/Dokumentasi/Cabang MO/Cabang Epiwalk/IMG_4152.MOV
FILE	1HaktP_M9I6usXKHSc1D2tY8DSsekOsFS	video/quicktime	MO/Dokumentasi/Cabang MO/Cabang Epiwalk/IMG_4153.MOV
FILE	1PZUyp_LDMJuZSB0jcR6YBJavai5evQYn	video/quicktime	MO/Dokumentasi/Cabang MO/Cabang Epiwalk/IMG_4160.MOV
FILE	18Ny79_xAdOUyBvzSyCBEBWGBlQtRfWjA	video/quicktime	MO/Dokumentasi/Cabang MO/Cabang Epiwalk/IMG_4161.MOV
FILE	1KsyJvAUuTA1VLOaYebcMVt38AqBYtGsA	video/quicktime	MO/Dokumentasi/Cabang MO/Cabang Epiwalk/IMG_4162.MOV
DIR	1Tkb-LBDIK6-qwz8XqoJ7oqfhRHPzoBNO	application/vnd.google-apps.folder	MO/Dokumentasi/Cabang MO/Cabang Menara Karya
FILE	1-byKzyJ9U2kethGJ_eR6Sx-S5q5cnsJh	video/quicktime	MO/Dokumentasi/Cabang MO/Cabang Menara Karya/IMG_2545.MOV
FILE	14A5v6KJJ4pkoAS9WW8dLpjKTm4f4eplr	video/quicktime	MO/Dokumentasi/Cabang MO/Cabang Menara Karya/IMG_2548.MOV
FILE	1LA08_hEAHdy-0JDMGRsUFBxdX6KfqyrF	video/quicktime	MO/Dokumentasi/Cabang MO/Cabang Menara Karya/IMG_2551.MOV
FILE	1OHRjNDskyi_SePoL-Tptm85gXP11i0Ah	video/quicktime	MO/Dokumentasi/Cabang MO/Cabang Menara Karya/IMG_2553.MOV
FILE	1BRsydGwxkfklUDB2L52_vQjtvPhDpVZK	video/quicktime	MO/Dokumentasi/Cabang MO/Cabang Menara Karya/IMG_2574.MOV
FILE	1Rw_MES8uAC5wPrNtGVCvI4ic47fIjomM	video/quicktime	MO/Dokumentasi/Cabang MO/Cabang Menara Karya/IMG_2581.MOV
FILE	1fOJnSnw2c83P7f9PtN2nWieR3ETxK6JJ	video/quicktime	MO/Dokumentasi/Cabang MO/Cabang Menara Karya/IMG_2584.MOV
FILE	1ChuoEGPu0y8AVIAvmHzYIszYPcKt3c83	video/quicktime	MO/Dokumentasi/Cabang MO/Cabang Menara Karya/IMG_2586.MOV
FILE	1U8teRBx_1c4tm07Ctg4loBWfrsAsorkW	video/quicktime	MO/Dokumentasi/Cabang MO/Cabang Menara Karya/IMG_2587.MOV
FILE	1pbEAt6HwOEuJEy1CHvBMZr3HdIAE98Pm	video/quicktime	MO/Dokumentasi/Cabang MO/Cabang Menara Karya/IMG_2590.MOV
FILE	1bmnUhRNfIwi8fADv9wcixKyrSo9V-k-5	video/quicktime	MO/Dokumentasi/Cabang MO/Cabang Menara Karya/IMG_2608.MOV
FILE	16zGIPDTv4Jh1_tL-4vfqmz-bB0xNJkbk	video/quicktime	MO/Dokumentasi/Cabang MO/Cabang Menara Karya/Rendered - 1ebbabbd-f8d7-411b-86a8-ddad33002601.mov
FILE	1UMJwtz0BKQHqhBYlxInObhB7Yjr1vjcg	video/quicktime	MO/Dokumentasi/Cabang MO/Cabang Menara Karya/Rendered - 6b31a6d8-054b-410e-b76e-b5911523097a.mov
FILE	10oN_3Xz-kxhwCx8oy4Fd7vv5tOVNlF2q	video/quicktime	MO/Dokumentasi/Cabang MO/Cabang Menara Karya/Rendered - 94c19c89-3b93-48a8-b0ab-c2624db0d351.mov
FILE	1xHv4XDFxmn_8pIZedabYtmQzFh-OKr1O	video/quicktime	MO/Dokumentasi/Cabang MO/Cabang Menara Karya/Rendered - bd6ce4eb-a0ac-4198-9a28-6adfe6f83f73.mov
DIR	1lKnfjcPPHh2wSHDwvXoAL6VgJ0mrrebH	application/vnd.google-apps.folder	MO/Dokumentasi/Cabang MO/Cabang Pejaten
FILE	1bcuZmOwPd11Vz_xAUIrA9XRFiEzZ8E9a	video/mp2t	MO/Dokumentasi/Cabang MO/Cabang Pejaten/00000.MTS
FILE	1rKiVFmPrRyn9nFni4UmhJGB1gGH0GPmx	video/mp2t	MO/Dokumentasi/Cabang MO/Cabang Pejaten/00001.MTS
FILE	1dIo252F7H1I0NM9xuYzn7_4gKJI9qu1g	video/mp2t	MO/Dokumentasi/Cabang MO/Cabang Pejaten/00002.MTS
FILE	10w23CJugEbFGh0dTKdXlBZdetfgIm7Ur	video/mp2t	MO/Dokumentasi/Cabang MO/Cabang Pejaten/00003.MTS
FILE	1pZzKU1PIptcq3ywXlQ3T1f1nWhUE6axw	video/mp2t	MO/Dokumentasi/Cabang MO/Cabang Pejaten/00004.MTS
FILE	1VukmaUQeg_huxuivjipt-REV0gtrbd_5	video/mp2t	MO/Dokumentasi/Cabang MO/Cabang Pejaten/00005.MTS
FILE	1mMnVqmsEyurHgt9Ctlydu-xC3einQ0rv	video/mp2t	MO/Dokumentasi/Cabang MO/Cabang Pejaten/00006.MTS
FILE	1XgXz-gLInNYIvUPyxt6CwgPWMQHWTnP3	video/mp2t	MO/Dokumentasi/Cabang MO/Cabang Pejaten/00007.MTS
FILE	1K4p7QeZWfHhzJFi4uWC_lzcH9RRmC9_x	video/mp2t	MO/Dokumentasi/Cabang MO/Cabang Pejaten/00008.MTS
FILE	1GDMx0Dm1UzaJwZg8kJDyxLYtlcvjqrlZ	video/mp2t	MO/Dokumentasi/Cabang MO/Cabang Pejaten/00009.MTS
FILE	12Zd1jRMU0zS1oRZigurAQ4ShDdr344Z-	video/mp2t	MO/Dokumentasi/Cabang MO/Cabang Pejaten/00010.MTS
FILE	1IRO8x3DZcgOoaDDA2mx1tja1rYZe_G9v	video/mp2t	MO/Dokumentasi/Cabang MO/Cabang Pejaten/00011.MTS
FILE	1ySNu5D6i-02lGBQUv5u2AOMzGpG3Ymdo	video/mp2t	MO/Dokumentasi/Cabang MO/Cabang Pejaten/00012.MTS
FILE	19LgMRgyJzsqsO7Kp-HHoPwE3M4vmQvLm	video/mp2t	MO/Dokumentasi/Cabang MO/Cabang Pejaten/00013.MTS
FILE	10icD6oMFK-y678_74J6U526Ejf7c08Gj	video/mp2t	MO/Dokumentasi/Cabang MO/Cabang Pejaten/00014.MTS
FILE	1AxnRsiaCf1xI-mAxK2Q1W0iI5QE06Ot6	video/mp2t	MO/Dokumentasi/Cabang MO/Cabang Pejaten/00015.MTS
FILE	1FeQC7SNM9d8R3HlSIf4YzhwvA4j_DKzP	video/mp2t	MO/Dokumentasi/Cabang MO/Cabang Pejaten/00016.MTS
FILE	1IibXcwPL3fG6p06KiS_4E-tWr9Z3SqnM	video/mp2t	MO/Dokumentasi/Cabang MO/Cabang Pejaten/00017.MTS
FILE	13UGXkRh8Edegyn8tQRbYrgxBYdXwD41b	video/mp2t	MO/Dokumentasi/Cabang MO/Cabang Pejaten/00018.MTS
FILE	165VFvTYRUPlZ-wtBX-q1uj8DD2jLTzcq	video/mp2t	MO/Dokumentasi/Cabang MO/Cabang Pejaten/00019.MTS
FILE	1pl6N8_3BHa7SLxpAiQRrd23kQcVDNhnw	video/mp2t	MO/Dokumentasi/Cabang MO/Cabang Pejaten/00020.MTS
FILE	1yFrstF55LmAfYs2AddbrmFQzXD81TD2s	video/mp2t	MO/Dokumentasi/Cabang MO/Cabang Pejaten/00021.MTS
FILE	1yhkWlMMRVGcdoGalzQ41izchYXI6ptDi	video/mp2t	MO/Dokumentasi/Cabang MO/Cabang Pejaten/00022.MTS
FILE	13BBYV3m9ujVP30PfmqdgTHs48OmTKuW-	video/mp2t	MO/Dokumentasi/Cabang MO/Cabang Pejaten/00023.MTS
FILE	1PH1SGChr58xZg3azpkYYUazkHFN6CJ20	video/mp2t	MO/Dokumentasi/Cabang MO/Cabang Pejaten/00024.MTS
FILE	1oxfF3kJf5thfVOfyOmd2MFgLiG8hQYnR	video/mp2t	MO/Dokumentasi/Cabang MO/Cabang Pejaten/00025.MTS
FILE	1UX4FBbVBfxOxO_HyM6wy-IsM9g-peTsB	video/mp2t	MO/Dokumentasi/Cabang MO/Cabang Pejaten/00026.MTS
FILE	1sm5E1tFNVBspYUnK4BKbSr2kleC1eSAh	video/mp2t	MO/Dokumentasi/Cabang MO/Cabang Pejaten/00027.MTS
FILE	1RukTs34Ipq8R7sZD-bY2qterTH1OOfRS	video/mp2t	MO/Dokumentasi/Cabang MO/Cabang Pejaten/00028.MTS
FILE	1qYkSrYCSV1YSAgSlrtg5gqqH_lNkbuEj	video/mp2t	MO/Dokumentasi/Cabang MO/Cabang Pejaten/00029.MTS
FILE	151FmcerpAEN0QOnDEwL-meZx2Voyqvgn	video/mp2t	MO/Dokumentasi/Cabang MO/Cabang Pejaten/00030.MTS
FILE	1C1N4vi7Ei_8UmerBg58h9tSpCbpm4sB9	video/mp2t	MO/Dokumentasi/Cabang MO/Cabang Pejaten/00031.MTS
FILE	1oFmLskhS3YBwM_J9VyqMedLHs_tZZTYU	video/mp2t	MO/Dokumentasi/Cabang MO/Cabang Pejaten/00032.MTS
FILE	1O5sxLtkuOVwUqpj688Zg7r8jHFqu1Lhp	video/mp2t	MO/Dokumentasi/Cabang MO/Cabang Pejaten/00033.MTS
FILE	1-Mqs6fst69_MSUfepK1q21wQPGnqdIYm	video/mp2t	MO/Dokumentasi/Cabang MO/Cabang Pejaten/00034.MTS
FILE	1mkycgJKYHbjcDHcLc_Du7LOdnVbEFYP9	video/mp2t	MO/Dokumentasi/Cabang MO/Cabang Pejaten/00035.MTS
FILE	1GJUX2uVpnvhApCT-q0JiyypCadJqpjWs	video/mp2t	MO/Dokumentasi/Cabang MO/Cabang Pejaten/00036.MTS
FILE	1PxdYtk7372LH0RLdpCOK1f9wHaIZluAO	video/mp2t	MO/Dokumentasi/Cabang MO/Cabang Pejaten/00037.MTS
FILE	1yXFgMEyFIZTutx53xSL7KbV8BPrePZFp	video/mp2t	MO/Dokumentasi/Cabang MO/Cabang Pejaten/00038.MTS
FILE	1HtbfIOWeLop3fH5mGuPPJJWvOcWvy0n7	video/mp2t	MO/Dokumentasi/Cabang MO/Cabang Pejaten/00039.MTS
FILE	13HyHHmsDtHS9rmRttlsoVpF5SL--R-gV	video/mp2t	MO/Dokumentasi/Cabang MO/Cabang Pejaten/00040.MTS
FILE	1INDOcbP3B3T3Y1E-93Eiq7c3K1i-7kGj	video/mp2t	MO/Dokumentasi/Cabang MO/Cabang Pejaten/00041.MTS
FILE	1AzvGORYpcUrgu2rVFN2drLrpdfKbZYe2	video/mp2t	MO/Dokumentasi/Cabang MO/Cabang Pejaten/00042.MTS
FILE	1TFRQIrTB1tUvW8RJgOr-b5DvYBYj4S_K	video/mp2t	MO/Dokumentasi/Cabang MO/Cabang Pejaten/00043.MTS
DIR	1CDI30GoUVrevUe1j0r-WdPBY4vAIMK2s	application/vnd.google-apps.folder	MO/Dokumentasi/Foto Tiap Cabang
DIR	1jW_D5LzLeQ3itaYe-dGjwA9GvnGxjUa3	application/vnd.google-apps.folder	MO/Dokumentasi/Foto Tiap Cabang/MO - Cempaka
FILE	1B_tHZK3B23fc8AJfvB7Gl-KjNTpUXpZX	image/png	MO/Dokumentasi/Foto Tiap Cabang/MO - Cempaka/MO_Cempaka-front office.png
FILE	101LWvS0UcAibzRuS4u04TaSdjsn3fU17	image/png	MO/Dokumentasi/Foto Tiap Cabang/MO - Cempaka/MO_Cempaka-front office2.png
FILE	1mXjlVgfsXQTuO0Z2P11qH4P0lMlWThiZ	image/png	MO/Dokumentasi/Foto Tiap Cabang/MO - Cempaka/MO_Cempaka-private room.png
FILE	1lnwmhAAxOWqK1-PdWuaLiltGf-yoc96t	image/png	MO/Dokumentasi/Foto Tiap Cabang/MO - Cempaka/MO_Cempaka-room meeting.png
FILE	1d3DM7mjtFqkqI2qOzfHOXxZE4f8NM6OO	image/png	MO/Dokumentasi/Foto Tiap Cabang/MO - Cempaka/MO_Cempaka-room meeting2.png
FILE	1rOwimVf2nd9bexrzpnm0OjBq88kQ32Zh	image/png	MO/Dokumentasi/Foto Tiap Cabang/MO - Cempaka/MO_Cempaka-room office.png
FILE	101mK1Zk-LGJlh38YOTGVuTw1_7AMi-B_	image/png	MO/Dokumentasi/Foto Tiap Cabang/MO - Cempaka/MO_Cempaka-room sharing.png
DIR	1Bo8OMLrzffdSts1V0etTzN9q0cMLrp9G	application/vnd.google-apps.folder	MO/Dokumentasi/Foto Tiap Cabang/MO - Epiwalk
FILE	19tszJkg3lJ6FzwE_o1n0zIHdkm9uWeAG	image/png	MO/Dokumentasi/Foto Tiap Cabang/MO - Epiwalk/65460.png
FILE	1fj6Uw71nobQa8FUJrw7-fMMFM-f995Bk	image/png	MO/Dokumentasi/Foto Tiap Cabang/MO - Epiwalk/65461.png
FILE	1dEPKRtHFDJdIC9qJ0H4k5JN1BvpVQVVE	image/png	MO/Dokumentasi/Foto Tiap Cabang/MO - Epiwalk/65462.png
FILE	1JXwlWvIDz2pJTw25ics8CZd8l-fVkWgw	image/png	MO/Dokumentasi/Foto Tiap Cabang/MO - Epiwalk/65463.png
FILE	1ns_Rqx5-voGWhSRqgmGFqwkngf8VMlzj	image/png	MO/Dokumentasi/Foto Tiap Cabang/MO - Epiwalk/65464.png
FILE	1U2v3fc_oDpiEaEFiPj2iTTxRGcO-Kzjn	image/png	MO/Dokumentasi/Foto Tiap Cabang/MO - Epiwalk/65465.png
FILE	1erXSJdLFHBjXfRcFbrJov_aijFnLZqbh	image/png	MO/Dokumentasi/Foto Tiap Cabang/MO - Epiwalk/65466.png
FILE	1RBKftPWaWmeU0g8La8HT_LbX4YU-pLAy	image/png	MO/Dokumentasi/Foto Tiap Cabang/MO - Epiwalk/65467.png
FILE	1LX_S91_aAVtYU0f2jP3nP0DH3H5-SdkK	image/png	MO/Dokumentasi/Foto Tiap Cabang/MO - Epiwalk/65468.png
FILE	1IwmnyQ2uJl6IStLDogIbTjTxUNjkhRCz	image/png	MO/Dokumentasi/Foto Tiap Cabang/MO - Epiwalk/65469.png
FILE	1O--dOEUhe_0l2CO-IIcnpPIHUBnIgAbA	image/png	MO/Dokumentasi/Foto Tiap Cabang/MO - Epiwalk/65470.png
DIR	1-ERSbSLCCNNKHaLebZWo00aohW9uaT_V	application/vnd.google-apps.folder	MO/Dokumentasi/Foto Tiap Cabang/MO - Grand Wisata
FILE	1_jTvq9vsC1t0ujjAZXGtPNERuUgX7qTQ	image/png	MO/Dokumentasi/Foto Tiap Cabang/MO - Grand Wisata/MO - Grandwis - private room.png
FILE	1sn-42pd590BNyWbdjN4_8N29N9O0O532	image/png	MO/Dokumentasi/Foto Tiap Cabang/MO - Grand Wisata/MO - Grandwis - private room2.png
FILE	157U56C6haREPLJ4O2AfNIoRhy1XTFZl6	image/png	MO/Dokumentasi/Foto Tiap Cabang/MO - Grand Wisata/MO - Grandwis - room meeting.png
DIR	1Clvxqg4gPH49icgBCPNKzo8D6apfwiDn	application/vnd.google-apps.folder	MO/Dokumentasi/Foto Tiap Cabang/MO - Menara Karya
FILE	1tslwkSEE_vZh59iD1-AYwYMBjRwgEOVb	image/png	MO/Dokumentasi/Foto Tiap Cabang/MO - Menara Karya/60676.png
FILE	1ITxfJuZU2lU_Jgry1fzNnQPEPTM3tGV6	image/png	MO/Dokumentasi/Foto Tiap Cabang/MO - Menara Karya/60677.png
FILE	1mCUYNC2WSAsMw_evR8ZuKs8EDdB6N5vF	image/png	MO/Dokumentasi/Foto Tiap Cabang/MO - Menara Karya/60678.png
FILE	1adIpWHcBHHY56xYzCic88RLy8SKUPpGx	image/png	MO/Dokumentasi/Foto Tiap Cabang/MO - Menara Karya/60679.png
FILE	19ivzXsaaofU1hWPrZDwZsD7C8D7-xkGw	image/png	MO/Dokumentasi/Foto Tiap Cabang/MO - Menara Karya/60680.png
FILE	1cICHejn12IsQyE4wEfpJAkEyWgMuGW6M	image/png	MO/Dokumentasi/Foto Tiap Cabang/MO - Menara Karya/60681.png
FILE	1EEZ3GZoxRHtO2sqOKTAgX2bs2RBqhgUD	image/png	MO/Dokumentasi/Foto Tiap Cabang/MO - Menara Karya/60682.png
DIR	1Apzu-erX1QJ8avtSFqwicPCbSc7iIzFB	application/vnd.google-apps.folder	MO/Dokumentasi/Foto Tiap Cabang/MO - Pejaten
FILE	11BR5K9guwKKPwaWTR7zI2cL7XhRa2I27	image/png	MO/Dokumentasi/Foto Tiap Cabang/MO - Pejaten/edited - ABY05379.png
FILE	1X5Pv6PkVWexLSU9ueiOm9HZLDAD2PWEg	image/png	MO/Dokumentasi/Foto Tiap Cabang/MO - Pejaten/edited - ABY05387.png
FILE	1-vAp-Hy4_GvAI91YXzQkl_kVIKpd4nic	image/png	MO/Dokumentasi/Foto Tiap Cabang/MO - Pejaten/edited - ABY05394.png
FILE	1-NS2uNBWuBwJnLOq-5q5FXsxdHPvhWsL	image/png	MO/Dokumentasi/Foto Tiap Cabang/MO - Pejaten/edited - ABY05399.png
FILE	16v2k7ELXtHJepStFmxw9X9hsXRWtATK2	image/png	MO/Dokumentasi/Foto Tiap Cabang/MO - Pejaten/edited - ABY05426.png
FILE	1aONq4cpHi1xKH-0kEWjaWz2cBP83K-Rm	image/png	MO/Dokumentasi/Foto Tiap Cabang/MO - Pejaten/edited - ABY05429.png
FILE	1Noc82IdKyy1gd8-fpY900HS1TYYGRzNy	image/png	MO/Dokumentasi/Foto Tiap Cabang/MO - Pejaten/edited - ABY05439.png
FILE	1-5txSohBOcJrxWPvJN6PQckpoC1s0YdT	image/png	MO/Dokumentasi/Foto Tiap Cabang/MO - Pejaten/edited - ABY05458.png
FILE	1pd6Ui725cMoUE3i1JQ3arit82o-bAAdw	image/png	MO/Dokumentasi/Foto Tiap Cabang/MO - Pejaten/edited - ABY05478.png
DIR	1N_JP7ueey5itzoxP0UvUdA6GZ9wYfyrw	application/vnd.google-apps.folder	MO/Dokumentasi/Katalog WA Business
DIR	13K0P87qJgkAUOddy6v5oTzUkOjg5rCmI	application/vnd.google-apps.folder	MO/Dokumentasi/Katalog WA Business/Cempaka Mas
FILE	1QzcLULhhq_s_-B1eVoQTXOkj-C0C7Iii	image/png	MO/Dokumentasi/Katalog WA Business/Cempaka Mas/MO_Catalog WA Business-Cempaka Mas1.png
FILE	19XZ6G0elBWPXdN11d7bmc-vKHCtwL45J	image/png	MO/Dokumentasi/Katalog WA Business/Cempaka Mas/MO_Catalog WA Business-Cempaka Mas2.png
FILE	1LHIZ_zNgXfEUR7u6Tjp4oCCTsyF7N1p5	image/png	MO/Dokumentasi/Katalog WA Business/Cempaka Mas/MO_Catalog WA Business-Cempaka Mas3.png
FILE	1gIGRZSmVZ5Rb2lwhWk6dkxTA9qpET5Kd	image/png	MO/Dokumentasi/Katalog WA Business/Cempaka Mas/MO_Catalog WA Business-Cempaka Mas4.png
DIR	1kmnKxsEWU7AahBKWuEwzhHULm4GFDO-g	application/vnd.google-apps.folder	MO/Dokumentasi/Katalog WA Business/Epiwalk
FILE	11f71ha9LttkYASCLX3CMqkAVEA5bhpSP	image/png	MO/Dokumentasi/Katalog WA Business/Epiwalk/MO_Catalog WA Business-Epiwalk1.png
FILE	1N7-YzHOJyBLB1POrI7wKYfwUs6jkQD6Q	image/png	MO/Dokumentasi/Katalog WA Business/Epiwalk/MO_Catalog WA Business-Epiwalk2.png
FILE	1x-2-f_1LRfxMNfHoAue9yWKbwxtfTegs	image/png	MO/Dokumentasi/Katalog WA Business/Epiwalk/MO_Catalog WA Business-Epiwalk3.png
FILE	1ZQAM-nBTnOjLIEFw-8dfrOBxk8gvAUb5	image/png	MO/Dokumentasi/Katalog WA Business/Epiwalk/MO_Catalog WA Business-Epiwalk4.png
FILE	1WVjW0nyc89WQU9C40yw56p7IPC1Z1jFS	image/png	MO/Dokumentasi/Katalog WA Business/Epiwalk/MO_Catalog WA Business-Epiwalk5.png
FILE	1Bn_Ba6z-cj2Lw3X8ZGnvMYi-3BeBkwR2	image/png	MO/Dokumentasi/Katalog WA Business/Epiwalk/MO_Catalog WA Business-Epiwalk6.png
DIR	1LL_UjUZMHeX4m6ZZ6gYnj9TrqRGUej5v	application/vnd.google-apps.folder	MO/Dokumentasi/Katalog WA Business/Grand Wisata
FILE	1GgzK2hS3ay4hWDSluAC9d_kIbgk9t2-b	image/png	MO/Dokumentasi/Katalog WA Business/Grand Wisata/MO_Catalog WA Business-Grand Wisata1.png
FILE	19yXeMKFqa1vxAPhjV5X-HtaBIb8uJeK2	image/png	MO/Dokumentasi/Katalog WA Business/Grand Wisata/MO_Catalog WA Business-Grand Wisata2.png
FILE	1d3Vp3NRfcfc2_FNDE_o-7JU25pRlA9tF	image/png	MO/Dokumentasi/Katalog WA Business/Grand Wisata/MO_Catalog WA Business-Grand Wisata3.png
FILE	1PThOE-xOhlHhxDPKcwnbrWXU47m9Lf9Z	image/png	MO/Dokumentasi/Katalog WA Business/Grand Wisata/MO_Catalog WA Business-Grand Wisata4.png
FILE	1omP85X209Ay7fImtcj-BhnBhiOeLT2FW	image/png	MO/Dokumentasi/Katalog WA Business/Grand Wisata/MO_Catalog WA Business-Grand Wisata5.png
FILE	1so3vrWi4kpTiHd2aNkRuAwMVMsgDxjRh	image/png	MO/Dokumentasi/Katalog WA Business/Grand Wisata/MO_Catalog WA Business-Grand Wisata6.png
DIR	1mGyIdKp0jz1LASThB8iqSUGxDakpOyYY	application/vnd.google-apps.folder	MO/Dokumentasi/Katalog WA Business/Header
FILE	1RLvdNCJRqh76NYg4Vt0nI3gD_kunA4gu	image/png	MO/Dokumentasi/Katalog WA Business/Header/MO - Cover.png
DIR	12ZG_UJIKmFyv6xE0isd3CccWYXKfxhg9	application/vnd.google-apps.folder	MO/Dokumentasi/Katalog WA Business/Menara Karya
FILE	1pjW13zp3GXvptV7NPXmxVPqaQD05cI6o	image/png	MO/Dokumentasi/Katalog WA Business/Menara Karya/MO_Catalog WA Business-Menara Karya1.png
FILE	1N3O9YJp5zznhvzUVsrgNl_Xzw2uWPPAD	image/png	MO/Dokumentasi/Katalog WA Business/Menara Karya/MO_Catalog WA Business-Menara Karya2.png
FILE	1TGCLxfeotJjybcBECd9JnNcetB8FUiM-	image/png	MO/Dokumentasi/Katalog WA Business/Menara Karya/MO_Catalog WA Business-Menara Karya3.png
FILE	1OvdZrtxPbZg0wH9hfL6RWMqqlu1xgZV_	image/png	MO/Dokumentasi/Katalog WA Business/Menara Karya/MO_Catalog WA Business-Menara Karya4.png
FILE	1Rgduh-jMiMXT7ksqcKW4QaT_f9aqWneW	image/png	MO/Dokumentasi/Katalog WA Business/Menara Karya/MO_Catalog WA Business-Menara Karya5.png
FILE	1voOaWmV7gapBJhBXUB20upY_rynjQOTO	image/png	MO/Dokumentasi/Katalog WA Business/Menara Karya/MO_Catalog WA Business-Menara Karya6.png
DIR	1BQohubB28YqtS1RHJnjRytF08pKcwzdM	application/vnd.google-apps.folder	MO/Dokumentasi/Katalog WA Business/Pejaten
FILE	1NiSBYn43HlBqRqQDARHVuOiQn5yIx2Jr	image/png	MO/Dokumentasi/Katalog WA Business/Pejaten/MO_Catalog WA Business-Pejaten1.png
FILE	1TFOGxyPN-dSPZDcyeaiR9ZTuNCOqwoc-	image/png	MO/Dokumentasi/Katalog WA Business/Pejaten/MO_Catalog WA Business-Pejaten2.png
FILE	1Xj62I9xNcnF1-pSCzy79inNugvdE5yUO	image/png	MO/Dokumentasi/Katalog WA Business/Pejaten/MO_Catalog WA Business-Pejaten3.png
FILE	1xj3xYGj7CnZuk4cto33suzhWOyDKNvjz	image/png	MO/Dokumentasi/Katalog WA Business/Pejaten/MO_Catalog WA Business-Pejaten4.png
DIR	1Zmfzv3lrZOpjewV0llR8cYriDqvfB15i	application/vnd.google-apps.folder	MO/Dokumentasi/konten epiwalk
DIR	1U_uxKMHEqh08qWd0e85Wb5Sqa_HhnarH	application/vnd.google-apps.folder	MO/Dokumentasi/konten epiwalk/Edit
FILE	12WNLBslsYNAjuJEgrnZ9VbAcIGrgbYpc	image/png	MO/Dokumentasi/konten epiwalk/Edit/IMG_4154.png
FILE	1xTQOAk0qOGLQAWwwFboNimetbG9vl8yW	image/png	MO/Dokumentasi/konten epiwalk/Edit/IMG_4155.png
FILE	1tltD5oQLUzUjzN1oJrMYo1phH8ns4JCW	image/png	MO/Dokumentasi/konten epiwalk/Edit/IMG_4156.png
FILE	1cPk78aA7-XS35j8YEtTIt282gj8s95TW	image/png	MO/Dokumentasi/konten epiwalk/Edit/IMG_4158.png
FILE	1wfbMwUXpjaqYiZ4VxzpVx7rMUrxustIX	image/png	MO/Dokumentasi/konten epiwalk/Edit/IMG_4159.png
FILE	1XYi5OfwZ68VseDqG8FuRaZudUDwPKSYO	image/png	MO/Dokumentasi/konten epiwalk/Edit/IMG_4163.png
FILE	1bdd4vU3QjWrx2yAdtAiX0--2cibt7BeN	image/png	MO/Dokumentasi/konten epiwalk/Edit/MNR06373.png
FILE	1n5L7vqcLdr5izEmXl4HU2ZXrlvcbHQe6	image/png	MO/Dokumentasi/konten epiwalk/Edit/MNR06382.png
FILE	1FHtb7msrcnNsOmIr1RSTLRV_FrXUMvYy	image/png	MO/Dokumentasi/konten epiwalk/Edit/MNR06383.png
FILE	1XN-bxLQ7G4Xbcjk5JW3pkPc5c_8YomM0	image/png	MO/Dokumentasi/konten epiwalk/Edit/MNR06388.png
FILE	1WpVbb_ZDMsRvnsuX9bHm8cAylk4uSWcN	image/png	MO/Dokumentasi/konten epiwalk/Edit/MNR06402.png
DIR	1JJRQvXyB8jlXqfXl2clAm5ccS3jsSKSj	application/vnd.google-apps.folder	MO/Dokumentasi/konten epiwalk/foto
FILE	1KVa1_UESDKco_lMl9Vu_uj_HgG02q613	image/heif	MO/Dokumentasi/konten epiwalk/foto/IMG_4154.HEIC
FILE	1bVTi8CATYsWdQ1PJRY0Rt_Gxp1oJWCfG	image/heif	MO/Dokumentasi/konten epiwalk/foto/IMG_4155.HEIC
FILE	18qbF6U0faWqDzRUXCPO3c5n1qKNJ80Y-	image/heif	MO/Dokumentasi/konten epiwalk/foto/IMG_4157.HEIC
FILE	1_3GnQ3Ye_VnE0lkxiilc7OFT9pj4-J2h	image/heif	MO/Dokumentasi/konten epiwalk/foto/IMG_4158.HEIC
FILE	1Ac0W1zs6O-jEZuBSd8eE-x2LsZQj1QcJ	image/heif	MO/Dokumentasi/konten epiwalk/foto/IMG_4159.HEIC
FILE	1oMX6_pS3ZkZOXYDCvzVFqjcgx8Rx46GK	image/png	MO/Dokumentasi/konten epiwalk/foto/IMG_4163.png
FILE	14dEH5lL9wykeEtzv2JupJdP_7wnVClKM	image/jpeg	MO/Dokumentasi/konten epiwalk/foto/MNR06373.JPG
FILE	1J_Z6G8kU4doHAtOq_dCKJjp5jWt7ZMTp	image/jpeg	MO/Dokumentasi/konten epiwalk/foto/MNR06374.JPG
FILE	1WaNwW18-YS78sMvnNUlgUWDqvlIsg2vg	image/jpeg	MO/Dokumentasi/konten epiwalk/foto/MNR06375.JPG
FILE	1QTsXBl0uo613VmSSesDssnVzcgz0hior	image/jpeg	MO/Dokumentasi/konten epiwalk/foto/MNR06382.JPG
FILE	1_s_BFrHnw1MXeoxR_MUPSdghzR76QEvn	image/jpeg	MO/Dokumentasi/konten epiwalk/foto/MNR06387.JPG
FILE	1BkV0x8aEA9I8B_qY_DDoGmUDaC02QvBg	image/jpeg	MO/Dokumentasi/konten epiwalk/foto/MNR06388.JPG
FILE	1sZiNRGsW_lpEUDhJAphqbH3yjcvcg9xo	image/jpeg	MO/Dokumentasi/konten epiwalk/foto/MNR06389.JPG
FILE	1HO50odb2GcEMRCptHRgDGZ65kZMBwClg	image/jpeg	MO/Dokumentasi/konten epiwalk/foto/MNR06390.JPG
FILE	1b0uovIIazro8lUMDQbILAO9t8rkXZvQI	image/jpeg	MO/Dokumentasi/konten epiwalk/foto/MNR06391.JPG
FILE	1y0oc_9dtF9XWYoraALgAmBv_fPG9Fe0z	image/jpeg	MO/Dokumentasi/konten epiwalk/foto/MNR06392.JPG
FILE	1P4Vc64WxTliXlrpJR0C0XY_m9uYyToLY	image/jpeg	MO/Dokumentasi/konten epiwalk/foto/MNR06397.JPG
FILE	1NYZDOzYat7hJjaUzvRsxUaIa40E9grBp	image/jpeg	MO/Dokumentasi/konten epiwalk/foto/MNR06398.JPG
FILE	13vv3WFCABl8YK8LgXXLR01KR2aKvus74	image/jpeg	MO/Dokumentasi/konten epiwalk/foto/MNR06399.JPG
FILE	1J1D7BWA5uybBibqpwbIrVDlNRQcSkwW6	image/jpeg	MO/Dokumentasi/konten epiwalk/foto/MNR06400.JPG
FILE	1ZHscMD4877GSvS0ed0QLbiVM3sxRy5sc	image/jpeg	MO/Dokumentasi/konten epiwalk/foto/MNR06401.JPG
FILE	1vp3BzzSjzB1tObt8z_ztuFJuTieGWeO-	image/jpeg	MO/Dokumentasi/konten epiwalk/foto/MNR06402.JPG
DIR	1YbQ2CCKvhmZj3SiMyW8GtPGu1coA9oar	application/vnd.google-apps.folder	MO/Dokumentasi/konten epiwalk/hp
FILE	1jgo-zn5AuTlzwKnPQA22L3zuIg1KUryh	video/quicktime	MO/Dokumentasi/konten epiwalk/hp/IMG_4137.MOV
FILE	1tcJtYaANlBqOEETyADvsi8lneU8CuEmM	video/quicktime	MO/Dokumentasi/konten epiwalk/hp/IMG_4139.MOV
FILE	1854RXpKi3QoqYUK2NrdLaAeoCzVbM6KN	video/quicktime	MO/Dokumentasi/konten epiwalk/hp/IMG_4140.MOV
FILE	1JiVhW7pNf80BD_vZNj1EjS-Kk8fhyVgl	video/quicktime	MO/Dokumentasi/konten epiwalk/hp/IMG_4143.MOV
FILE	1aWvg9q7zzNouBMuOvEpdho7UzOIMLZN_	video/quicktime	MO/Dokumentasi/konten epiwalk/hp/IMG_4144.MOV
FILE	1alZVuC9KF-QG3noD_O-XLgTKv75TExd-	video/quicktime	MO/Dokumentasi/konten epiwalk/hp/IMG_4145.MOV
FILE	1ntNGFs3PoB058kTNVGpOFibu7NlRtdJ4	video/quicktime	MO/Dokumentasi/konten epiwalk/hp/IMG_4146.MOV
FILE	1WfY2BkPwOhCUss5RLgfiNYb1t7IjkofA	video/quicktime	MO/Dokumentasi/konten epiwalk/hp/IMG_4147.MOV
FILE	1yGgGUDvuuUOPES3p92a8cunHz8BxixA8	video/quicktime	MO/Dokumentasi/konten epiwalk/hp/IMG_4149.MOV
FILE	1V3xVjHFplGbqtUsXxd8nuVMxqjQcARn_	video/quicktime	MO/Dokumentasi/konten epiwalk/hp/IMG_4150.MOV
FILE	1dC2DFTg210-_zxT_Xb-q-Tjb-yxWTzyo	video/quicktime	MO/Dokumentasi/konten epiwalk/hp/IMG_4151.MOV
FILE	1NptOnitjejxTkce3xotK4jecg4Z-0VJ1	video/quicktime	MO/Dokumentasi/konten epiwalk/hp/IMG_4152.MOV
FILE	1t2DVj-nA4EWqr5J7EOVSBiju0oByTfcX	video/quicktime	MO/Dokumentasi/konten epiwalk/hp/IMG_4153.MOV
FILE	1b_XP3NdIVwkHQaEVwg7B6G7AoABvKzB1	image/heif	MO/Dokumentasi/konten epiwalk/hp/IMG_4154.HEIC
FILE	1xDEfWAyPYdnupDzHeTiQ4M6RC3ijk_fF	image/heif	MO/Dokumentasi/konten epiwalk/hp/IMG_4155.HEIC
FILE	1-N5RyDj3Y15BNyivFuo1sdgIdmtp5aHO	image/heif	MO/Dokumentasi/konten epiwalk/hp/IMG_4156.HEIC
FILE	1aDlHIN9F0KUIKpu_qN4_TGvCKUu25Rlp	image/heif	MO/Dokumentasi/konten epiwalk/hp/IMG_4157.HEIC
FILE	1RsX6yqm5f4dEX3pRnzELlWwjNS151Ire	image/heif	MO/Dokumentasi/konten epiwalk/hp/IMG_4158.HEIC
FILE	1x4OHSrxtVd3LITr4zIiFf8v3CHGf3vUr	image/heif	MO/Dokumentasi/konten epiwalk/hp/IMG_4159.HEIC
FILE	1hA8-MUSMVryoXuda5lZEwt0zIPCviz89	video/quicktime	MO/Dokumentasi/konten epiwalk/hp/IMG_4160.MOV
FILE	1Uh3R4eGD5x4aB-uciBHwxqkaBahPjQgk	video/quicktime	MO/Dokumentasi/konten epiwalk/hp/IMG_4161.MOV
FILE	1sp63ByNgUJiFj_mx5-kWSjnUEn8_Xptg	video/quicktime	MO/Dokumentasi/konten epiwalk/hp/IMG_4162.MOV
DIR	1-AW05A_4McOSgLfV7EJzsLnxFXiz0jcd	application/vnd.google-apps.folder	MO/Dokumentasi/konten epiwalk/VO
FILE	1SnFKUxkY-p3u4Kq7KcgOAcj10i4y0KAd	video/mp4	MO/Dokumentasi/konten epiwalk/VO/vo nanda.mp4
FILE	1-aYWfdvb4c8qTq8IwF74z8oAR_Nerldn	video/mp4	MO/Dokumentasi/konten epiwalk/C0025.MP4
FILE	1wbtDRPTGki67udgt_kRAHxY8OhI4lCOh	video/mp4	MO/Dokumentasi/konten epiwalk/C0026.MP4
FILE	19SEDI_BmdTtt2ZxIaP8mOh67e_f9hqCB	video/mp4	MO/Dokumentasi/konten epiwalk/C0027.MP4
FILE	1vTyDwDS4XEoFkVP97_fz1TJhXuSd0Wjo	video/mp4	MO/Dokumentasi/konten epiwalk/C0028.MP4
FILE	1gZAPJD5D5Qn1XmpsaAztGrKIBkn5ws8H	video/mp4	MO/Dokumentasi/konten epiwalk/C0029.MP4
FILE	1N300T2OZ8lY5KEkl-mvYsKnHu8vcnXef	video/mp4	MO/Dokumentasi/konten epiwalk/C0030.MP4
FILE	1UJUAZ1PqARV-GDbHPUrQPNPefZL9j5ne	video/mp4	MO/Dokumentasi/konten epiwalk/C0031.MP4
FILE	1-QfOx2apwMI2BXtX7PJfdxKa28-CscnN	video/mp4	MO/Dokumentasi/konten epiwalk/C0033.MP4
FILE	1GvZY5D9kd_ETbdF1CxTWh_i8PYAufUpQ	video/mp4	MO/Dokumentasi/konten epiwalk/C0034.MP4
FILE	1EEvQToIZZ8zTfdCIl8YY_ziGc9we63HR	video/mp4	MO/Dokumentasi/konten epiwalk/C0035.MP4
FILE	1NNDT2u1VpCQFXfG1Vkbj0K5mQe0TFD3G	video/mp4	MO/Dokumentasi/konten epiwalk/C0036.MP4
FILE	1PMd43CxwdcR8BhVusnDmPBYTbWl9FQ-e	video/mp4	MO/Dokumentasi/konten epiwalk/C0037.MP4
FILE	1zhwxhTMXrF-lnjn_rpqLqj_8VxFD39Li	video/mp4	MO/Dokumentasi/konten epiwalk/C0038.MP4
FILE	1gHRK0JpLH8XQpkwE3qjjj5SU27hFagVI	video/mp4	MO/Dokumentasi/konten epiwalk/C0039.MP4
FILE	1bEJIF6mScfabLQfYctRP4pzAbpW8HKtN	video/mp4	MO/Dokumentasi/konten epiwalk/C0040.MP4
FILE	1AFVet4jaOEBVRgi24tIhPrgkia7J3C2X	video/mp4	MO/Dokumentasi/konten epiwalk/C0043.MP4
FILE	13BLtgiap_g3JeMSiRWv2HRiqnJSnyJav	video/mp4	MO/Dokumentasi/konten epiwalk/C0044.MP4
FILE	17END7tEBm92OXAxDVbki_SP8M7rbG9X3	video/mp4	MO/Dokumentasi/konten epiwalk/C0045.MP4
FILE	1Vr5zrVJ-FKPNrAzzE2bxINgzo3Z6n84y	video/mp4	MO/Dokumentasi/konten epiwalk/C0047.MP4
FILE	1zizSC5gyXgotMV6vQ0vE4m-mcAfLpo_H	video/mp4	MO/Dokumentasi/konten epiwalk/C0048.MP4
FILE	131lCamreACHEBmabvkWRTAlZ_mhYKqIj	video/mp4	MO/Dokumentasi/konten epiwalk/C0049.MP4
FILE	1lX4YRZ_PoKRT_FVaBbMgSwzsTZPGfOz7	video/mp4	MO/Dokumentasi/konten epiwalk/C0050.MP4
FILE	1X2vSL2Rq1gun4xe1W8INNSFub4cc3W4P	video/mp4	MO/Dokumentasi/konten epiwalk/C0051.MP4
FILE	1tRcT6uADccogXhPzHQf2f7JZDKJ-_yFi	video/mp4	MO/Dokumentasi/konten epiwalk/C0052.MP4
FILE	1JulA-s2ck6rRNFiCAc93g4o0jbEX0Nvr	video/mp4	MO/Dokumentasi/konten epiwalk/C0053.MP4
FILE	1HCww0fluWmZFrvWwMyRF2sewvOf8lozp	video/mp4	MO/Dokumentasi/konten epiwalk/C0054.MP4
FILE	1UdXeh3sThO02iPJU_Y71wV_rOF3eeK0E	video/mp4	MO/Dokumentasi/konten epiwalk/C0055.MP4
FILE	1G62xcB8xWrphue3qsrLbg-9pAeP6vHr4	video/mp4	MO/Dokumentasi/konten epiwalk/C0056.MP4
FILE	1_pV7yjyQBPcdVc2Ayy7v8dScEyQy8dZR	video/mp4	MO/Dokumentasi/konten epiwalk/C0057.MP4
FILE	12qTp69yNM_DWHdE2tDDQOFPB9_Aa7rRR	video/mp4	MO/Dokumentasi/konten epiwalk/C0058.MP4
FILE	1gAI0F5rP7a84JyHY4lVN6hqbXdmJdW6z	video/mp4	MO/Dokumentasi/konten epiwalk/C0059.MP4
FILE	1hfbjgCAmu2nKX0dS05gtC_t7nNMPMHbu	video/mp4	MO/Dokumentasi/konten epiwalk/C0060.MP4
FILE	1mhuMx1SSM46qQ9Rk59OF-kdxZLx4Cbsp	video/mp4	MO/Dokumentasi/konten epiwalk/C0061.MP4
FILE	1rHVYlHSebTmpS9BbEKRWALFtyxgJaoX3	video/mp4	MO/Dokumentasi/konten epiwalk/C0062.MP4
DIR	1PndpapSGyY6vHZ8i9thnTu1AwWRbVuZJ	application/vnd.google-apps.folder	MO/Kerja remote tetap bisa terlihat profesional
FILE	1a_mX90RxrsE5nTllgNnsE8sXNTOqedSw	image/png	MO/Kerja remote tetap bisa terlihat profesional/MO - Headline - Kerja remote tetap bisa terlihat profesional.png
FILE	1vqk2q3_Dzmd-DZAsdxlF13T01TtYQn1I	image/png	MO/Kerja remote tetap bisa terlihat profesional/MO - Kerja remote tetap bisa terlihat profesional 2.png
DIR	13q6hEagDa4xkyjjrCq0FBXab-k1eaG4x	application/vnd.google-apps.folder	MO/Kerja remote tetap bisa terlihat profesional
FILE	14sbPZlRb0OoANGGBSqhi_xykhT-g5v9H	image/png	MO/Kerja remote tetap bisa terlihat profesional/MO - Headline - Kerja remote tetap bisa terlihat profesional.png
FILE	1uIaLRaQNKO6u3S2cN8xsTor-xbcs8OgR	image/png	MO/Kerja remote tetap bisa terlihat profesional/MO - Kerja remote tetap bisa terlihat profesional 2.png
DIR	1ewb_EIcoVS6Klzy0APBv3mYg5QvN76pG	application/vnd.google-apps.folder	MO/Langkah Cerdas Siapkan Bsinismu di tahun depan
FILE	1IZSCbC-AfdHX81iCgrud7RaRPkkbS33T	image/png	MO/Langkah Cerdas Siapkan Bsinismu di tahun depan/MO - Langkah Cerdas Siapkan Bsinismu di tahun depan copy 2.png
FILE	17gIwDwfDdr_tRB3vMf0uUEXftIGXaouC	image/png	MO/Langkah Cerdas Siapkan Bsinismu di tahun depan/MO - Langkah Cerdas Siapkan Bsinismu di tahun depan copy 3.png
FILE	1ZfUo_EliSmiq9KINs_pkEcDM9sLu7wPn	image/png	MO/Langkah Cerdas Siapkan Bsinismu di tahun depan/MO - Langkah Cerdas Siapkan Bsinismu di tahun depan copy 4.png
FILE	1Oyzsiafx-0vqRKJvtDKc6uizXf3OrzRp	image/png	MO/Langkah Cerdas Siapkan Bsinismu di tahun depan/MO - Langkah Cerdas Siapkan Bsinismu di tahun depan copy.png
FILE	130oTF2MeTk_c_XTVVMSY_hy47hkK0UJw	image/png	MO/Langkah Cerdas Siapkan Bsinismu di tahun depan/MO - Langkah Cerdas Siapkan Bsinismu di tahun depan.png
DIR	1ZGHoMV3tKUrVrDZZqLmbomABt3ogAuxe	application/vnd.google-apps.folder	MO/Masih kerja dari rumah
FILE	138w6TVNoxMmI71ji2673VR-Xr_XBLhTX	image/png	MO/Masih kerja dari rumah/MO Desember copy.png
FILE	1ZESWKdjXJWcb8WDHhXR5ZHreYTvcjO3M	image/png	MO/Masih kerja dari rumah/MO Desember.png
DIR	1lpoUnKLcD2zMmAf7L2emXJOzApry1AiN	application/vnd.google-apps.folder	MO/Mulai Dari Bisnis Kecil
FILE	1bk92t6rxfkQSkZSIw3CFRvynGQKmt8QX	image/png	MO/Mulai Dari Bisnis Kecil/MO - Headline - Mulai Dari Bisnis Kecil.png
FILE	1ySAhTjFhYS5li5rXuIa7NrFH2AArae-v	image/png	MO/Mulai Dari Bisnis Kecil/MO - Mulai Dari Bisnis Kecil 2.png
DIR	1BSejcs71gZzx8mzKT9yjHxPM-Fwmyzjf	application/vnd.google-apps.folder	MO/Promo Alamat
FILE	1rp4w30u-WSzVBdPb_WJyPfDdTT1JvbQO	image/png	MO/Promo Alamat/CTA to Outro.png
FILE	1hrJuWu6MCYYUnhTi4qmH_xKIpEtsOG02	image/png	MO/Promo Alamat/MO - cabang epiwalk.png
DIR	1f2HsFzr_Zyr9uU1I5LmVWDk0ZhBRKgDZ	application/vnd.google-apps.folder	MO/Question
FILE	1JwkhzzTjlgw1SJprqQViaV-jCGB8n3-4	image/png	MO/Question/MO - question.png
DIR	1NUWIoY-LKXCh0nEGrIZoKCu8RBPrsFQ1	application/vnd.google-apps.folder	MO/Quotes
FILE	1-v9KJKIrdnnbwhp0SoOvhvUTorrwcw5j	image/png	MO/Quotes/MO - Headline - Mulai Dari Bisnis Kecil.png
DIR	1MOPQs-jVO7uqsyo3Idm7KWg8WcuW_cJ8	application/vnd.google-apps.folder	MO/Semua kebutuhan kantor dalam satu tempat
FILE	1Q0l8pvx4SWI8ZNw6cxeRfnlCwRLzFl2G	video/mp4	MO/Semua kebutuhan kantor dalam satu tempat/Semua kebutuhan kantor dalam satu tempat.mp4
DIR	1qnqsItRsgxGD4Zr5cDVHiOPUPA-t7dNe	application/vnd.google-apps.folder	MO/Video
DIR	13IvCZDsrPEOoFth3Bo2hoXqp__6fZbyq	application/vnd.google-apps.folder	MO/Video/cabang bekasi
FILE	1dawjvjoFcEz8keG09vJGvD_pBc6nUcj4	video/mp4	MO/Video/cabang bekasi/MO - Cabang Bekasi.mp4
FILE	1z16WHuot163fJl_W910xEfdkEeTTyWuI	video/mp4	MO/Video/cabang bekasi/MO - Cabang Bekasi(1).mp4
DIR	1qiDlZu1clT9Huq7c8t7amCJp_Txn6_R3	application/vnd.google-apps.folder	MO/Video/Cabang epiwalk
DIR	14A6bNVFgTxRdAqW9Y-HM7xVAE3d-6cqi	application/vnd.google-apps.folder	MO/Video/Cabang epiwalk/MO - Cabang Epiwalk
FILE	1OGk7Sj0llOfXeRi36yWkZSfDZOiZ_1Bf	image/jpeg	MO/Video/Cabang epiwalk/MO - Cabang Epiwalk/552fcc55-b9e3-4b35-8fb9-9ab97824fd28-Cover.jpg
FILE	1KUPi4zjtqpSgOrz0tCcRpcT8LrDklFFP	image/jpeg	MO/Video/Cabang epiwalk/MO - Cabang Epiwalk/MO - Cabang Epiwalk-Cover.jpg
FILE	1j27B0ECL6s5Hm0I17sEkrIzIk4ba2Kgk	video/mp4	MO/Video/Cabang epiwalk/MO - Cabang Epiwalk/MO - Cabang Epiwalk.mp4
FILE	16TUuZyOZpf5lbL4pqRgoAaS9PCxfZwXO	video/mp4	MO/Video/Cabang epiwalk/MO - Cabang Epiwalk/MO - Event Space Epiwalk.mp4
FILE	1RgWWeyMv9mdZ8uUAM-Lrt3DWtVvzkosT	video/mp4	MO/Video/Cabang epiwalk/MO - Cabang Epiwalk/MO - Event Space Epiwalk'.mp4
FILE	14bFfsV1qGf7ytDHzszdcgGLHksfBR2Q3	video/mp4	MO/Video/Cabang epiwalk/MO - Cabang Epiwalk/MO - Meet Room Epiwalk.mp4
DIR	1vdakwovAEo-Y5_ACSBzkN3HaFWgsbX0a	application/vnd.google-apps.folder	MO/Video/Cabang Pejaten
FILE	1Wy6FZGFiYn9hU2lFA5-xn_bZYOi-dp2g	video/mp4	MO/Video/Cabang Pejaten/0204 (1).mp4
FILE	1SlPmVQmBkbF9b7HPYwZ98zRw7RKzAwh2	video/mp4	MO/Video/Cabang Pejaten/MO - Cabang Pejaten.mp4
FILE	1yKb7zSxOdrnDhvGBaiLtvytB_X7cNWM3	video/mp4	MO/Video/Cabang Pejaten/MO - Room Tour Pejaten (rev2).mp4
FILE	16RkrlOu9shzozGhSTHTg4ZIorpzvRLSg	video/mp4	MO/Video/Cabang Pejaten/MO - Room Tour Pejaten.mp4
FILE	112sqlv7WEl6d0Qd3evRoBJKVtY6nYmxq	video/mp4	MO/Video/Cabang Pejaten/MO - Room Tour Pejaten(rev1).mp4
DIR	1kRL9bsazfQfA3qS3necJTWG5l_lxHFpq	application/vnd.google-apps.folder	MO/Video/Campuran cabang
FILE	1po01CoejMh8LGHjuTqMZu4mvftjvJjI3	video/mp4	MO/Video/Campuran cabang/Cabang Cempaka.mp4
FILE	1xtcqDWhv6w21gMTwbzOZZJXwRW2IbGFy	video/mp4	MO/Video/Campuran cabang/Cabang Epiwalk.mp4
FILE	13mT2DMMkOOBE5oO7fjxVojCk6quXDxmP	video/mp4	MO/Video/Campuran cabang/Cabang Epiwalk2.mp4
FILE	1pTRg4gdTIDG6NBpp3YQattz0hKW7KvDM	video/mp4	MO/Video/Campuran cabang/cabang menara karya.mp4
FILE	1ccUPBxxgnkvEi9v8CBQxvMqAqpU5Uptw	video/mp4	MO/Video/Campuran cabang/cabang pejaten.mp4
DIR	12IQxIVpKlLRBRON8Hj-IpKSZab0oUZTi	application/vnd.google-apps.folder	MO/Video/Gimmick Video
DIR	1SnqiXvTKT4NokgmBoqHaI26zce77Pp0d	application/vnd.google-apps.folder	MO/Video/Gimmick Video/Gimmick Video
FILE	1YQaZzhBOE6yueSGYAPTEurO8o4dgN9L-	video/mp4	MO/Video/Gimmick Video/Gimmick Video/Gimmick Video.mp4
DIR	1NHPY9qb0vL91OVtPxAoFSOpA9zPt_sPp	application/vnd.google-apps.folder	MO/Video/HOOK
FILE	1OzBSj49it2M1n4RmK4keUcUcrlf6pxJI	video/mp4	MO/Video/HOOK/MO - Video Diusir.mp4
DIR	1zPAlxHdiDt50Ki6vbFkMlhceqlKkYU8M	application/vnd.google-apps.folder	MO/Video/kantor fisik wajib
FILE	1sW9q1hdisoFODbXCChAlKjJZF9q5daxw	video/mp4	MO/Video/kantor fisik wajib/awalnya gue kira kantor fisik itu wajib.mp4
DIR	1Q2LkkGnuo955VUIBz3OZ2Sr-GAyerfhe	application/vnd.google-apps.folder	MO/Video/New folder
DIR	1PkDSBqnjYb6vZPIxLNab7pbcY_uJGKV3	application/vnd.google-apps.folder	MO/Video/New folder/Bukan Soal Kerja Di mana - rev
FILE	1SfP9x1d1oZD1aGjOgeS9XNeVwVGTR7kU	image/jpeg	MO/Video/New folder/Bukan Soal Kerja Di mana - rev/Bukan Soal Kerja Di mana - rev-Sampul.jpg
FILE	11dG4Xg04HsyTQCk-67bLng27ddepYve6	video/mp4	MO/Video/New folder/Bukan Soal Kerja Di mana - rev/Bukan Soal Kerja Di mana - rev.mp4
DIR	1WG56TEKg3-Uij95_C1LAi4kDMF3oP-aw	application/vnd.google-apps.folder	MO/Video/Room Tour Epiwalk
DIR	1P3GXFahbmyv_zIuN7-uL6rhu_Zk5b00f	application/vnd.google-apps.folder	MO/Video/Room Tour Epiwalk/MO - Room Tour Epiwalk
DIR	1ozKhNPmUbtQGpErwHwOV-8gt4OXaCC7s	application/vnd.google-apps.folder	MO/Video/Room Tour Epiwalk/MO - Room Tour Epiwalk/MO - Room Tour Epiwalk - rev
DIR	1sX68_QIpAH4WZr7Bq-hSnQisGbGXTKVt	application/vnd.google-apps.folder	MO/Video/Room Tour Epiwalk/MO - Room Tour Epiwalk/MO - Room Tour Epiwalk - rev/MO - Room Tour Epiwalk - rev2
FILE	13MLPfBpTsxRRGwNiDDdJqs-8pbdi7REO	video/mp4	MO/Video/MO - Cabang Epiwalk.mp4
FILE	1kdef_nDgCJhsNe0seYO4FTegOdO5XZoZ	video/mp4	MO/Video/MO - Setiap Cabang MO.mp4
FILE	1pk_GPinc-7xIhIGImEAP1GPjxqw_tFdv	video/mp4	MO/Video/MO.mp4
